Province/State,Country/Region,Date,Confirmed,Deaths,Recovered
Hubei,Mainland China,2/1/2020,7153,249,168
Zhejiang,Mainland China,2/1/2020,599,0,21
Guangdong,Mainland China,2/1/2020,535,0,14
Henan,Mainland China,2/1/2020,422,2,3
Hunan,Mainland China,2/1/2020,389,0,8
Anhui,Mainland China,2/1/2020,297,0,5
Jiangxi,Mainland China,2/1/2020,286,0,9
Chongqing,Mainland China,2/1/2020,247,1,3
Sichuan,Mainland China,2/1/2020,207,1,3
Shandong,Mainland China,2/1/2020,206,0,3
Jiangsu,Mainland China,2/1/2020,202,0,6
Shanghai,Mainland China,2/1/2020,169,1,10
Beijing,Mainland China,2/1/2020,168,1,9
Fujian,Mainland China,2/1/2020,144,0,0
Shaanxi,Mainland China,2/1/2020,101,0,0
Guangxi,Mainland China,2/1/2020,100,0,2
Hebei,Mainland China,2/1/2020,96,1,0
Yunnan,Mainland China,2/1/2020,93,0,2
Heilongjiang,Mainland China,2/1/2020,80,2,2
Liaoning,Mainland China,2/1/2020,64,0,1
Hainan,Mainland China,2/1/2020,62,1,1
Shanxi,Mainland China,2/1/2020,47,0,1
Tianjin,Mainland China,2/1/2020,41,0,0
Gansu,Mainland China,2/1/2020,40,0,0
Guizhou,Mainland China,1/31/2020,29,0,2
Ningxia,Mainland China,2/1/2020,26,0,0
Inner Mongolia,Mainland China,2/1/2020,23,0,1
,Japan,2/1/2020,20,0,1
,Thailand,1/31/2020,19,0,5
Xinjiang,Mainland China,2/1/2020,18,0,0
Jilin,Mainland China,2/1/2020,17,0,1
,Singapore,2/1/2020,16,0,0
Hong Kong,Hong Kong,2/1/2020,13,0,0
,South Korea,2/1/2020,12,0,0
Taiwan,Taiwan,1/31/2020,10,0,0
Qinghai,Mainland China,2/1/2020,9,0,0
,Malaysia,1/31/2020,8,0,0
,Germany,2/1/2020,8,0,0
Macau,Macau,1/31/2020,7,0,0
,France,2/1/2020,6,0,0
,Vietnam,2/1/2020,6,0,1
New South Wales,Australia,2/1/2020,4,0,2
Victoria,Australia,2/1/2020,4,0,0
,United Arab Emirates,1/31/2020,4,0,0
Queensland,Australia,2/1/2020,3,0,0
Ontario,Canada,2/1/2020,3,0,0
,Italy,1/31/2020,2,0,0
,Russia,1/31/2020,2,0,0
,UK,2/1/2020,2,0,0
"Chicago, IL",US,2/1/2020,2,0,0
South Australia,Australia,2/1/2020,1,0,0
,Cambodia,1/31/2020,1,0,0
British Columbia,Canada,2/1/2020,1,0,0
,Finland,1/31/2020,1,0,0
,India,1/31/2020,1,0,0
Tibet,Mainland China,2/1/2020,1,0,0
,Nepal,1/31/2020,1,0,0
,Philippines,2/1/2020,1,0,0
,Spain,2/1/2020,1,0,0
,Sri Lanka,1/31/2020,1,0,0
,Sweden,2/1/2020,1,0,0
"Boston, MA",US,2/1/2020,1,0,0
"Los Angeles, CA",US,2/1/2020,1,0,0
"Orange, CA",US,2/1/2020,1,0,0
"Santa Clara, CA",US,2/1/2020,1,0,0
"Seattle, WA",US,2/1/2020,1,0,0
"Tempe, AZ",US,2/1/2020,1,0,0
Hubei,Mainland China,2/2/2020,11177,350,295
Zhejiang,Mainland China,2/2/2020,661,0,32
Guangdong,Mainland China,2/2/2020,632,0,15
Henan,Mainland China,2/2/2020,493,2,10
Hunan,Mainland China,2/2/2020,463,0,16
Anhui,Mainland China,2/2/2020,340,0,7
Jiangxi,Mainland China,2/2/2020,333,0,12
Chongqing,Mainland China,2/2/2020,300,2,7
Jiangsu,Mainland China,2/2/2020,236,0,7
Sichuan,Mainland China,2/2/2020,231,1,11
Shandong,Mainland China,2/2/2020,230,0,6
Beijing,Mainland China,2/2/2020,191,1,9
Shanghai,Mainland China,2/2/2020,182,1,10
Fujian,Mainland China,2/2/2020,159,0,0
Shaanxi,Mainland China,2/2/2020,116,0,0
Guangxi,Mainland China,2/2/2020,111,0,2
Yunnan,Mainland China,2/2/2020,105,0,3
Hebei,Mainland China,2/2/2020,104,1,3
Heilongjiang,Mainland China,2/2/2020,95,2,2
Liaoning,Mainland China,2/2/2020,70,0,1
Shanxi,Mainland China,2/2/2020,66,0,3
Hainan,Mainland China,2/2/2020,64,1,4
Gansu,Mainland China,2/2/2020,51,0,3
Tianjin,Mainland China,2/2/2020,48,0,1
Guizhou,Mainland China,2/2/2020,38,0,2
Ningxia,Mainland China,2/2/2020,28,0,0
Inner Mongolia,Mainland China,2/2/2020,27,0,1
Jilin,Mainland China,2/2/2020,23,0,1
Xinjiang,Mainland China,2/2/2020,21,0,0
,Japan,2/1/2020,20,0,1
,Thailand,1/31/2020,19,0,5
,Singapore,2/2/2020,18,0,0
Hong Kong,Hong Kong,2/2/2020,15,0,0
,South Korea,2/2/2020,15,0,0
Qinghai,Mainland China,2/2/2020,11,0,0
,Germany,2/2/2020,10,0,0
Taiwan,Taiwan,1/31/2020,10,0,0
Macau,Macau,2/2/2020,8,0,0
,Malaysia,1/31/2020,8,0,0
,France,2/1/2020,6,0,0
,Vietnam,2/1/2020,6,0,1
,United Arab Emirates,2/2/2020,5,0,0
New South Wales,Australia,2/1/2020,4,0,2
Victoria,Australia,2/1/2020,4,0,0
Ontario,Canada,2/1/2020,3,0,0
Queensland,Australia,2/2/2020,2,0,0
South Australia,Australia,2/2/2020,2,0,0
,India,2/2/2020,2,0,0
,Italy,1/31/2020,2,0,0
,Philippines,2/2/2020,2,1,0
,Russia,1/31/2020,2,0,0
,UK,2/1/2020,2,0,0
"Chicago, IL",US,2/1/2020,2,0,0
,Cambodia,1/31/2020,1,0,0
British Columbia,Canada,2/1/2020,1,0,0
,Finland,1/31/2020,1,0,0
Tibet,Mainland China,2/1/2020,1,0,0
,Nepal,1/31/2020,1,0,0
,Spain,2/1/2020,1,0,0
,Sri Lanka,1/31/2020,1,0,0
,Sweden,2/1/2020,1,0,0
"Boston, MA",US,2/1/2020,1,0,0
"Los Angeles, CA",US,2/1/2020,1,0,0
"Orange, CA",US,2/1/2020,1,0,0
"Santa Clara, CA",US,2/1/2020,1,0,0
"Seattle, WA",US,2/1/2020,1,0,0
"Tempe, AZ",US,2/1/2020,1,0,0
Hubei,Mainland China,2/3/2020,13522,414,386
Guangdong,Mainland China,2/3/2020,725,0,21
Zhejiang,Mainland China,2/3/2020,724,0,43
Henan,Mainland China,2/3/2020,566,2,16
Hunan,Mainland China,2/3/2020,521,0,22
Anhui,Mainland China,2/3/2020,408,0,14
Jiangxi,Mainland China,2/3/2020,391,0,18
Chongqing,Mainland China,2/3/2020,337,2,9
Jiangsu,Mainland China,2/3/2020,271,0,8
Shandong,Mainland China,2/3/2020,259,0,7
Sichuan,Mainland China,2/3/2020,254,1,14
Beijing,Mainland China,2/3/2020,212,1,12
Shanghai,Mainland China,2/3/2020,203,1,10
Fujian,Mainland China,2/3/2020,179,0,1
Shaanxi,Mainland China,2/3/2020,128,0,0
Guangxi,Mainland China,2/3/2020,127,0,7
Heilongjiang,Mainland China,2/3/2020,121,2,2
Yunnan,Mainland China,2/3/2020,117,0,5
Hebei,Mainland China,2/3/2020,113,1,3
Liaoning,Mainland China,2/3/2020,74,0,1
Shanxi,Mainland China,2/3/2020,74,0,2
Hainan,Mainland China,2/3/2020,72,1,4
Tianjin,Mainland China,2/3/2020,60,0,1
Gansu,Mainland China,2/3/2020,55,0,3
Guizhou,Mainland China,2/3/2020,46,0,2
Inner Mongolia,Mainland China,2/3/2020,34,0,1
Jilin,Mainland China,2/3/2020,31,0,1
Ningxia,Mainland China,2/3/2020,31,0,1
Xinjiang,Mainland China,2/3/2020,24,0,0
,Japan,2/1/2020,20,0,1
,Thailand,1/31/2020,19,0,5
,Singapore,2/2/2020,18,0,0
Hong Kong,Hong Kong,2/2/2020,15,0,0
,South Korea,2/2/2020,15,0,0
Qinghai,Mainland China,2/3/2020,13,0,0
,Germany,2/3/2020,12,0,0
Taiwan,Taiwan,1/31/2020,10,0,0
Macau,Macau,2/2/2020,8,0,0
,Malaysia,1/31/2020,8,0,0
,Vietnam,2/3/2020,8,0,1
,France,2/1/2020,6,0,0
,United Arab Emirates,2/2/2020,5,0,0
New South Wales,Australia,2/1/2020,4,0,2
Victoria,Australia,2/1/2020,4,0,0
Ontario,Canada,2/1/2020,3,0,0
,India,2/3/2020,3,0,0
Queensland,Australia,2/2/2020,2,0,0
South Australia,Australia,2/2/2020,2,0,0
,Italy,1/31/2020,2,0,0
,Philippines,2/2/2020,2,1,0
,Russia,1/31/2020,2,0,0
,UK,2/1/2020,2,0,0
"Chicago, IL",US,2/1/2020,2,0,0
"San Benito, CA",US,2/3/2020,2,0,0
"Santa Clara, CA",US,2/3/2020,2,0,0
,Cambodia,1/31/2020,1,0,0
British Columbia,Canada,2/1/2020,1,0,0
,Finland,1/31/2020,1,0,0
Tibet,Mainland China,2/1/2020,1,0,0
,Nepal,1/31/2020,1,0,0
,Spain,2/1/2020,1,0,0
,Sri Lanka,1/31/2020,1,0,0
,Sweden,2/1/2020,1,0,0
"Boston, MA",US,2/1/2020,1,0,0
"Los Angeles, CA",US,2/1/2020,1,0,0
"Orange, CA",US,2/1/2020,1,0,0
"Seattle, WA",US,2/1/2020,1,0,0
"Tempe, AZ",US,2/1/2020,1,0,0
Hubei,Mainland China,2/4/2020,16678,479,522
Zhejiang,Mainland China,2/4/2020,829,0,62
Guangdong,Mainland China,2/4/2020,813,0,30
Henan,Mainland China,2/4/2020,675,2,27
Hunan,Mainland China,2/4/2020,593,0,31
Anhui,Mainland China,2/4/2020,480,0,20
Jiangxi,Mainland China,2/4/2020,476,0,20
Chongqing,Mainland China,2/4/2020,366,2,9
Jiangsu,Mainland China,2/4/2020,308,0,12
Sichuan,Mainland China,2/4/2020,282,1,14
Shandong,Mainland China,2/4/2020,275,0,11
Beijing,Mainland China,2/4/2020,228,1,23
Shanghai,Mainland China,2/4/2020,219,1,12
Fujian,Mainland China,2/4/2020,194,0,3
Heilongjiang,Mainland China,2/4/2020,155,2,4
Shaanxi,Mainland China,2/4/2020,142,0,2
Guangxi,Mainland China,2/4/2020,139,0,10
Hebei,Mainland China,2/4/2020,126,1,4
Yunnan,Mainland China,2/4/2020,122,0,5
Liaoning,Mainland China,2/4/2020,81,0,2
Shanxi,Mainland China,2/4/2020,81,0,4
Hainan,Mainland China,2/4/2020,80,1,5
Tianjin,Mainland China,2/4/2020,67,0,2
Guizhou,Mainland China,2/4/2020,58,0,2
Gansu,Mainland China,2/4/2020,57,0,4
Jilin,Mainland China,2/4/2020,42,0,1
Inner Mongolia,Mainland China,2/4/2020,35,0,1
Ningxia,Mainland China,2/4/2020,34,0,1
Xinjiang,Mainland China,2/4/2020,29,0,0
,Thailand,2/4/2020,25,0,5
,Singapore,2/4/2020,24,0,0
,Japan,2/4/2020,22,0,1
Hong Kong,Hong Kong,2/4/2020,17,1,0
,South Korea,2/4/2020,16,0,0
Qinghai,Mainland China,2/4/2020,15,0,0
,Germany,2/3/2020,12,0,0
Taiwan,Taiwan,2/4/2020,11,0,0
Macau,Macau,2/4/2020,10,0,0
,Malaysia,2/4/2020,10,0,0
,Vietnam,2/3/2020,8,0,1
,France,2/1/2020,6,0,0
,United Arab Emirates,2/2/2020,5,0,0
New South Wales,Australia,2/1/2020,4,0,2
Victoria,Australia,2/1/2020,4,0,0
Queensland,Australia,2/4/2020,3,0,0
,India,2/3/2020,3,0,0
South Australia,Australia,2/2/2020,2,0,0
"Toronto, ON",Canada,2/4/2020,2,0,0
,Italy,1/31/2020,2,0,0
,Philippines,2/2/2020,2,1,0
,Russia,1/31/2020,2,0,0
,UK,2/1/2020,2,0,0
"Chicago, IL",US,2/1/2020,2,0,0
"San Benito, CA",US,2/3/2020,2,0,0
"Santa Clara, CA",US,2/3/2020,2,0,0
,Belgium,2/4/2020,1,0,0
,Cambodia,1/31/2020,1,0,0
British Columbia,Canada,2/1/2020,1,0,0
"London, ON",Canada,2/4/2020,1,0,0
,Finland,1/31/2020,1,0,0
Tibet,Mainland China,2/1/2020,1,0,0
,Nepal,1/31/2020,1,0,0
,Spain,2/1/2020,1,0,0
,Sri Lanka,1/31/2020,1,0,0
,Sweden,2/1/2020,1,0,0
"Boston, MA",US,2/1/2020,1,0,0
"Los Angeles, CA",US,2/1/2020,1,0,0
"Orange, CA",US,2/1/2020,1,0,0
"Seattle, WA",US,2/1/2020,1,0,0
"Tempe, AZ",US,2/1/2020,1,0,0
Hubei,Mainland China,2/6/2020,22112,618,817
Guangdong,Mainland China,2/6/2020,970,0,69
Zhejiang,Mainland China,2/6/2020,954,0,94
Henan,Mainland China,2/6/2020,851,2,56
Hunan,Mainland China,2/6/2020,711,0,81
Jiangxi,Mainland China,2/6/2020,600,0,37
Anhui,Mainland China,2/6/2020,591,0,34
Chongqing,Mainland China,2/6/2020,411,2,24
Jiangsu,Mainland China,2/6/2020,373,0,34
Shandong,Mainland China,2/6/2020,347,0,27
Sichuan,Mainland China,2/6/2020,321,1,31
Beijing,Mainland China,2/6/2020,274,1,31
Shanghai,Mainland China,2/6/2020,257,1,25
Heilongjiang,Mainland China,2/6/2020,227,3,8
Fujian,Mainland China,2/6/2020,215,0,14
Shaanxi,Mainland China,2/6/2020,173,0,9
Guangxi,Mainland China,2/6/2020,168,0,14
Hebei,Mainland China,2/6/2020,157,1,13
Yunnan,Mainland China,2/6/2020,133,0,7
Hainan,Mainland China,2/6/2020,106,1,8
Shanxi,Mainland China,2/6/2020,96,0,12
Liaoning,Mainland China,2/6/2020,94,0,5
Tianjin,Mainland China,2/6/2020,79,1,2
Guizhou,Mainland China,2/6/2020,71,1,6
Gansu,Mainland China,2/5/2020,62,0,6
Jilin,Mainland China,2/6/2020,59,0,4
Inner Mongolia,Mainland China,2/6/2020,46,0,4
,Japan,2/6/2020,45,0,1
Ningxia,Mainland China,2/6/2020,40,0,1
Xinjiang,Mainland China,2/6/2020,36,0,0
,Singapore,2/5/2020,28,0,0
,Thailand,2/4/2020,25,0,5
Hong Kong,Hong Kong,2/6/2020,24,1,0
,South Korea,2/6/2020,23,0,0
Qinghai,Mainland China,2/6/2020,18,0,3
Taiwan,Taiwan,2/6/2020,16,0,1
,Germany,2/3/2020,12,0,0
,Malaysia,2/5/2020,12,0,0
Macau,Macau,2/6/2020,10,0,1
,Vietnam,2/6/2020,10,0,1
,France,2/1/2020,6,0,0
,United Arab Emirates,2/2/2020,5,0,0
New South Wales,Australia,2/6/2020,4,0,2
Queensland,Australia,2/6/2020,4,0,0
Victoria,Australia,2/1/2020,4,0,0
,India,2/3/2020,3,0,0
South Australia,Australia,2/2/2020,2,0,0
British Columbia,Canada,2/5/2020,2,0,0
"Toronto, ON",Canada,2/4/2020,2,0,0
,Italy,1/31/2020,2,0,0
,Philippines,2/2/2020,2,1,0
,Russia,1/31/2020,2,0,0
,UK,2/1/2020,2,0,0
"Chicago, IL",US,2/1/2020,2,0,0
"San Benito, CA",US,2/3/2020,2,0,0
"Santa Clara, CA",US,2/3/2020,2,0,0
,Belgium,2/4/2020,1,0,0
,Cambodia,1/31/2020,1,0,0
"London, ON",Canada,2/4/2020,1,0,0
,Finland,1/31/2020,1,0,0
Tibet,Mainland China,2/1/2020,1,0,0
,Nepal,1/31/2020,1,0,0
,Spain,2/1/2020,1,0,0
,Sri Lanka,1/31/2020,1,0,0
,Sweden,2/1/2020,1,0,0
"Boston, MA",US,2/1/2020,1,0,0
"Los Angeles, CA",US,2/1/2020,1,0,0
"Madison, WI",US,2/5/2020,1,0,0
"Orange, CA",US,2/1/2020,1,0,0
"Seattle, WA",US,2/1/2020,1,0,0
"Tempe, AZ",US,2/1/2020,1,0,0
Hubei,Mainland China,2/7/2020,24953,699,1115
Guangdong,Mainland China,2/7/2020,1034,1,88
Zhejiang,Mainland China,2/7/2020,1006,0,123
Henan,Mainland China,2/7/2020,914,3,86
Hunan,Mainland China,2/7/2020,772,0,112
Anhui,Mainland China,2/7/2020,665,0,47
Jiangxi,Mainland China,2/7/2020,661,0,45
Chongqing,Mainland China,2/7/2020,426,2,31
Jiangsu,Mainland China,2/7/2020,408,0,43
Shandong,Mainland China,2/7/2020,386,0,37
Sichuan,Mainland China,2/7/2020,344,1,42
Beijing,Mainland China,2/7/2020,297,1,33
Heilongjiang,Mainland China,2/7/2020,277,3,12
Shanghai,Mainland China,2/7/2020,277,1,30
Fujian,Mainland China,2/7/2020,224,0,20
Shaanxi,Mainland China,2/7/2020,184,0,17
Guangxi,Mainland China,2/7/2020,172,0,17
Hebei,Mainland China,2/7/2020,172,1,22
Yunnan,Mainland China,2/7/2020,138,0,12
Hainan,Mainland China,2/7/2020,117,2,10
Shanxi,Mainland China,2/7/2020,104,0,15
Liaoning,Mainland China,2/7/2020,99,0,7
Guizhou,Mainland China,2/7/2020,81,1,6
Tianjin,Mainland China,2/7/2020,81,1,2
Gansu,Mainland China,2/7/2020,67,0,9
Jilin,Mainland China,2/7/2020,65,1,4
Cruise Ship,Others,2/7/2020,61,0,0
Inner Mongolia,Mainland China,2/7/2020,50,0,5
Ningxia,Mainland China,2/7/2020,43,0,5
Xinjiang,Mainland China,2/7/2020,39,0,0
,Singapore,2/7/2020,30,0,0
Hong Kong,Hong Kong,2/7/2020,25,1,0
,Japan,2/7/2020,25,0,1
,Thailand,2/4/2020,25,0,5
,South Korea,2/7/2020,24,0,1
Qinghai,Mainland China,2/6/2020,18,0,3
Taiwan,Taiwan,2/6/2020,16,0,1
,Germany,2/7/2020,13,0,0
,Malaysia,2/7/2020,12,0,1
Macau,Macau,2/6/2020,10,0,1
,Vietnam,2/6/2020,10,0,1
,France,2/1/2020,6,0,0
Queensland,Australia,2/7/2020,5,0,0
,United Arab Emirates,2/2/2020,5,0,0
New South Wales,Australia,2/6/2020,4,0,2
Victoria,Australia,2/1/2020,4,0,0
British Columbia,Canada,2/7/2020,4,0,0
,India,2/3/2020,3,0,0
,Italy,2/7/2020,3,0,0
,Philippines,2/7/2020,3,1,0
,UK,2/7/2020,3,0,0
South Australia,Australia,2/2/2020,2,0,0
"Toronto, ON",Canada,2/4/2020,2,0,0
,Russia,1/31/2020,2,0,0
"Chicago, IL",US,2/1/2020,2,0,0
"San Benito, CA",US,2/3/2020,2,0,0
"Santa Clara, CA",US,2/3/2020,2,0,0
,Belgium,2/4/2020,1,0,0
,Cambodia,1/31/2020,1,0,0
"London, ON",Canada,2/4/2020,1,0,0
,Finland,1/31/2020,1,0,0
Tibet,Mainland China,2/1/2020,1,0,0
,Nepal,1/31/2020,1,0,0
,Spain,2/1/2020,1,0,0
,Sri Lanka,1/31/2020,1,0,0
,Sweden,2/1/2020,1,0,0
"Boston, MA",US,2/1/2020,1,0,0
"Los Angeles, CA",US,2/1/2020,1,0,0
"Madison, WI",US,2/5/2020,1,0,0
"Orange, CA",US,2/1/2020,1,0,0
"Seattle, WA",US,2/1/2020,1,0,0
"Tempe, AZ",US,2/1/2020,1,0,0
Hubei,Mainland China,2/8/2020,27100,780,1439
Guangdong,Mainland China,2/8/2020,1095,1,112
Zhejiang,Mainland China,2/8/2020,1048,0,175
Henan,Mainland China,2/8/2020,981,4,116
Hunan,Mainland China,2/8/2020,803,1,156
Anhui,Mainland China,2/8/2020,733,0,59
Jiangxi,Mainland China,2/8/2020,698,0,55
Jiangsu,Mainland China,2/8/2020,439,0,51
Chongqing,Mainland China,2/8/2020,428,2,39
Shandong,Mainland China,2/8/2020,416,0,44
Sichuan,Mainland China,2/8/2020,364,1,60
Beijing,Mainland China,2/8/2020,315,2,34
Heilongjiang,Mainland China,2/8/2020,295,5,13
Shanghai,Mainland China,2/8/2020,286,1,41
Fujian,Mainland China,2/8/2020,239,0,24
Hebei,Mainland China,2/8/2020,195,1,30
Shaanxi,Mainland China,2/8/2020,195,0,20
Guangxi,Mainland China,2/8/2020,183,0,17
Yunnan,Mainland China,2/8/2020,138,0,17
Hainan,Mainland China,2/8/2020,124,2,14
Shanxi,Mainland China,2/8/2020,115,0,21
Liaoning,Mainland China,2/8/2020,105,0,8
Guizhou,Mainland China,2/8/2020,89,1,7
Tianjin,Mainland China,2/8/2020,88,1,4
Gansu,Mainland China,2/8/2020,79,1,12
Jilin,Mainland China,2/8/2020,69,1,4
Cruise Ship,Others,2/7/2020,61,0,0
Inner Mongolia,Mainland China,2/8/2020,52,0,5
Ningxia,Mainland China,2/8/2020,45,0,15
Xinjiang,Mainland China,2/8/2020,42,0,0
,Singapore,2/8/2020,33,0,2
,Thailand,2/8/2020,32,0,10
Hong Kong,Hong Kong,2/8/2020,26,1,0
,Japan,2/7/2020,25,0,1
,South Korea,2/7/2020,24,0,1
Qinghai,Mainland China,2/6/2020,18,0,3
Taiwan,Taiwan,2/8/2020,17,0,1
,Malaysia,2/8/2020,16,0,1
,Germany,2/7/2020,13,0,0
,Vietnam,2/8/2020,13,0,1
,France,2/8/2020,11,0,0
Macau,Macau,2/6/2020,10,0,1
,United Arab Emirates,2/8/2020,7,0,0
Queensland,Australia,2/7/2020,5,0,0
New South Wales,Australia,2/6/2020,4,0,2
Victoria,Australia,2/1/2020,4,0,0
British Columbia,Canada,2/7/2020,4,0,0
,India,2/3/2020,3,0,0
,Italy,2/7/2020,3,0,0
,Philippines,2/7/2020,3,1,0
,UK,2/7/2020,3,0,0
South Australia,Australia,2/2/2020,2,0,0
"Toronto, ON",Canada,2/4/2020,2,0,0
,Russia,1/31/2020,2,0,0
"Chicago, IL",US,2/1/2020,2,0,0
"San Benito, CA",US,2/3/2020,2,0,0
"Santa Clara, CA",US,2/3/2020,2,0,0
,Belgium,2/4/2020,1,0,0
,Cambodia,1/31/2020,1,0,0
"London, ON",Canada,2/4/2020,1,0,0
,Finland,1/31/2020,1,0,0
Tibet,Mainland China,2/1/2020,1,0,0
,Nepal,1/31/2020,1,0,0
,Spain,2/1/2020,1,0,0
,Sri Lanka,2/8/2020,1,0,1
,Sweden,2/1/2020,1,0,0
"Boston, MA",US,2/1/2020,1,0,0
"Los Angeles, CA",US,2/1/2020,1,0,0
"Madison, WI",US,2/5/2020,1,0,0
"Orange, CA",US,2/1/2020,1,0,0
"Seattle, WA",US,2/1/2020,1,0,0
"Tempe, AZ",US,2/1/2020,1,0,0
Hubei,Mainland China,2/9/2020,29631,871,1795
Guangdong,Mainland China,2/9/2020,1131,1,141
Zhejiang,Mainland China,2/9/2020,1075,0,201
Henan,Mainland China,2/9/2020,1033,6,153
Hunan,Mainland China,2/9/2020,838,1,186
Anhui,Mainland China,2/9/2020,779,1,72
Jiangxi,Mainland China,2/9/2020,740,0,73
Chongqing,Mainland China,2/9/2020,468,2,51
Jiangsu,Mainland China,2/9/2020,468,0,71
Shandong,Mainland China,2/9/2020,444,1,63
Sichuan,Mainland China,2/9/2020,386,1,71
Beijing,Mainland China,2/9/2020,326,2,37
Heilongjiang,Mainland China,2/9/2020,307,6,14
Shanghai,Mainland China,2/9/2020,293,1,44
Fujian,Mainland China,2/9/2020,250,0,35
Shaanxi,Mainland China,2/9/2020,208,0,25
Hebei,Mainland China,2/9/2020,206,2,34
Guangxi,Mainland China,2/9/2020,195,1,18
Yunnan,Mainland China,2/9/2020,141,0,18
Hainan,Mainland China,2/9/2020,131,3,19
Shanxi,Mainland China,2/9/2020,119,0,25
Liaoning,Mainland China,2/9/2020,107,0,12
Guizhou,Mainland China,2/9/2020,99,1,7
Tianjin,Mainland China,2/9/2020,91,1,4
Gansu,Mainland China,2/9/2020,83,2,16
Jilin,Mainland China,2/9/2020,78,1,12
Diamond Princess cruise ship,Others,2/9/2020,64,0,0
Inner Mongolia,Mainland China,2/9/2020,54,0,5
Ningxia,Mainland China,2/9/2020,45,0,13
Xinjiang,Mainland China,2/9/2020,45,0,0
,Singapore,2/9/2020,40,0,2
,Thailand,2/8/2020,32,0,10
Hong Kong,Hong Kong,2/9/2020,29,1,0
,Japan,2/9/2020,26,0,1
,South Korea,2/9/2020,25,0,3
Qinghai,Mainland China,2/6/2020,18,0,3
Taiwan,Taiwan,2/9/2020,18,0,1
,Malaysia,2/8/2020,16,0,1
,Germany,2/9/2020,14,0,0
,Vietnam,2/8/2020,13,0,1
,France,2/8/2020,11,0,0
Macau,Macau,2/6/2020,10,0,1
,United Arab Emirates,2/8/2020,7,0,0
Queensland,Australia,2/9/2020,5,0,0
New South Wales,Australia,2/6/2020,4,0,2
Victoria,Australia,2/1/2020,4,0,0
British Columbia,Canada,2/7/2020,4,0,0
,India,2/3/2020,3,0,0
,Italy,2/7/2020,3,0,0
,Philippines,2/7/2020,3,1,0
,UK,2/7/2020,3,0,0
South Australia,Australia,2/2/2020,2,0,0
"Toronto, ON",Canada,2/4/2020,2,0,0
,Russia,1/31/2020,2,0,0
,Spain,2/9/2020,2,0,0
"Chicago, IL",US,2/9/2020,2,0,2
"San Benito, CA",US,2/3/2020,2,0,0
"Santa Clara, CA",US,2/3/2020,2,0,0
,Belgium,2/4/2020,1,0,0
,Cambodia,1/31/2020,1,0,0
"London, ON",Canada,2/4/2020,1,0,0
,Finland,1/31/2020,1,0,0
Tibet,Mainland China,2/1/2020,1,0,0
,Nepal,1/31/2020,1,0,0
,Sri Lanka,2/8/2020,1,0,1
,Sweden,2/1/2020,1,0,0
"Boston, MA",US,2/1/2020,1,0,0
"Los Angeles, CA",US,2/1/2020,1,0,0
"Madison, WI",US,2/5/2020,1,0,0
"Orange, CA",US,2/1/2020,1,0,0
"Seattle, WA",US,2/9/2020,1,0,1
"Tempe, AZ",US,2/1/2020,1,0,0
Hubei,Mainland China,2/10/2020,31728,974,2222
Guangdong,Mainland China,2/10/2020,1159,1,167
Zhejiang,Mainland China,2/10/2020,1092,0,242
Henan,Mainland China,2/10/2020,1073,6,191
Hunan,Mainland China,2/10/2020,879,1,208
Anhui,Mainland China,2/10/2020,830,3,88
Jiangxi,Mainland China,2/10/2020,771,1,105
Jiangsu,Mainland China,2/10/2020,492,0,81
Chongqing,Mainland China,2/10/2020,486,2,66
Shandong,Mainland China,2/10/2020,466,1,66
Sichuan,Mainland China,2/10/2020,405,1,80
Beijing,Mainland China,2/10/2020,337,2,44
Heilongjiang,Mainland China,2/10/2020,331,7,30
Shanghai,Mainland China,2/10/2020,299,1,48
Fujian,Mainland China,2/10/2020,261,0,39
Hebei,Mainland China,2/10/2020,218,2,41
Shaanxi,Mainland China,2/10/2020,213,0,30
Guangxi,Mainland China,2/10/2020,210,1,24
Yunnan,Mainland China,2/10/2020,149,0,19
Hainan,Mainland China,2/10/2020,138,3,19
Diamond Princess cruise ship,Others,2/10/2020,135,0,0
Shanxi,Mainland China,2/9/2020,119,0,25
Guizhou,Mainland China,2/10/2020,109,1,10
Liaoning,Mainland China,2/10/2020,108,0,13
Tianjin,Mainland China,2/10/2020,95,1,8
Gansu,Mainland China,2/10/2020,83,2,17
Jilin,Mainland China,2/10/2020,80,1,13
Inner Mongolia,Mainland China,2/10/2020,58,0,5
Ningxia,Mainland China,2/10/2020,49,0,13
Xinjiang,Mainland China,2/10/2020,49,0,0
,Singapore,2/10/2020,45,0,2
Hong Kong,Hong Kong,2/10/2020,38,1,0
,Thailand,2/8/2020,32,0,10
,South Korea,2/10/2020,27,0,3
,Japan,2/10/2020,26,0,4
Qinghai,Mainland China,2/6/2020,18,0,3
,Malaysia,2/10/2020,18,0,1
Taiwan,Taiwan,2/9/2020,18,0,1
,Germany,2/9/2020,14,0,0
,Vietnam,2/10/2020,14,0,1
,France,2/8/2020,11,0,0
Macau,Macau,2/6/2020,10,0,1
,UK,2/10/2020,8,0,0
,United Arab Emirates,2/10/2020,8,0,0
Queensland,Australia,2/9/2020,5,0,0
New South Wales,Australia,2/6/2020,4,0,2
Victoria,Australia,2/1/2020,4,0,0
British Columbia,Canada,2/7/2020,4,0,0
,India,2/3/2020,3,0,0
,Italy,2/7/2020,3,0,0
,Philippines,2/7/2020,3,1,0
South Australia,Australia,2/2/2020,2,0,0
"Toronto, ON",Canada,2/4/2020,2,0,0
,Russia,1/31/2020,2,0,0
,Spain,2/9/2020,2,0,0
"Chicago, IL",US,2/9/2020,2,0,2
"San Benito, CA",US,2/3/2020,2,0,0
"Santa Clara, CA",US,2/3/2020,2,0,0
,Belgium,2/4/2020,1,0,0
,Cambodia,1/31/2020,1,0,0
"London, ON",Canada,2/4/2020,1,0,0
,Finland,1/31/2020,1,0,0
Tibet,Mainland China,2/1/2020,1,0,0
,Nepal,1/31/2020,1,0,0
,Sri Lanka,2/8/2020,1,0,1
,Sweden,2/1/2020,1,0,0
"Boston, MA",US,2/1/2020,1,0,0
"Los Angeles, CA",US,2/1/2020,1,0,0
"Madison, WI",US,2/5/2020,1,0,0
"Orange, CA",US,2/1/2020,1,0,0
"Seattle, WA",US,2/9/2020,1,0,1
"Tempe, AZ",US,2/1/2020,1,0,0
Hubei,Mainland China,2/11/2020,33366,1068,2639
Guangdong,Mainland China,2/11/2020,1177,1,212
Zhejiang,Mainland China,2/11/2020,1117,0,270
Henan,Mainland China,2/11/2020,1105,7,218
Hunan,Mainland China,2/11/2020,912,1,247
Anhui,Mainland China,2/11/2020,860,4,105
Jiangxi,Mainland China,2/11/2020,804,1,128
Jiangsu,Mainland China,2/11/2020,515,0,93
Chongqing,Mainland China,2/11/2020,505,3,79
Shandong,Mainland China,2/11/2020,487,1,80
Sichuan,Mainland China,2/11/2020,417,1,85
Heilongjiang,Mainland China,2/11/2020,360,8,28
Beijing,Mainland China,2/11/2020,342,3,48
Shanghai,Mainland China,2/11/2020,303,1,52
Fujian,Mainland China,2/11/2020,267,0,45
Hebei,Mainland China,2/11/2020,239,2,48
Shaanxi,Mainland China,2/11/2020,219,0,32
Guangxi,Mainland China,2/11/2020,215,1,33
Yunnan,Mainland China,2/11/2020,153,0,20
Hainan,Mainland China,2/11/2020,144,3,20
Diamond Princess cruise ship,Others,2/10/2020,135,0,0
Guizhou,Mainland China,2/11/2020,127,1,17
Shanxi,Mainland China,2/11/2020,124,0,30
Liaoning,Mainland China,2/11/2020,111,0,19
Tianjin,Mainland China,2/11/2020,106,2,10
Gansu,Mainland China,2/11/2020,86,2,24
Jilin,Mainland China,2/11/2020,81,1,18
Inner Mongolia,Mainland China,2/10/2020,58,0,5
Xinjiang,Mainland China,2/11/2020,55,0,3
Ningxia,Mainland China,2/11/2020,53,0,22
Hong Kong,Hong Kong,2/11/2020,49,1,0
,Singapore,2/11/2020,47,0,9
,Thailand,2/11/2020,33,0,10
,South Korea,2/11/2020,28,0,3
,Japan,2/11/2020,26,0,9
Qinghai,Mainland China,2/11/2020,18,0,5
,Malaysia,2/11/2020,18,0,3
Taiwan,Taiwan,2/9/2020,18,0,1
,Germany,2/11/2020,16,0,0
,Vietnam,2/11/2020,15,0,6
,France,2/8/2020,11,0,0
Macau,Macau,2/6/2020,10,0,1
,UK,2/10/2020,8,0,0
,United Arab Emirates,2/10/2020,8,0,0
Queensland,Australia,2/9/2020,5,0,0
New South Wales,Australia,2/6/2020,4,0,2
Victoria,Australia,2/1/2020,4,0,0
British Columbia,Canada,2/7/2020,4,0,0
,India,2/3/2020,3,0,0
,Italy,2/7/2020,3,0,0
,Philippines,2/7/2020,3,1,0
South Australia,Australia,2/2/2020,2,0,0
"Toronto, ON",Canada,2/4/2020,2,0,0
,Russia,1/31/2020,2,0,0
,Spain,2/9/2020,2,0,0
"Chicago, IL",US,2/9/2020,2,0,2
"San Benito, CA",US,2/3/2020,2,0,0
"Santa Clara, CA",US,2/3/2020,2,0,0
,Belgium,2/4/2020,1,0,0
,Cambodia,1/31/2020,1,0,0
"London, ON",Canada,2/4/2020,1,0,0
,Finland,1/31/2020,1,0,0
Tibet,Mainland China,2/1/2020,1,0,0
,Nepal,1/31/2020,1,0,0
,Sri Lanka,2/8/2020,1,0,1
,Sweden,2/1/2020,1,0,0
"Boston, MA",US,2/1/2020,1,0,0
"Los Angeles, CA",US,2/1/2020,1,0,0
"Madison, WI",US,2/5/2020,1,0,0
"Orange, CA",US,2/1/2020,1,0,0
"San Diego County, CA",US,2/11/2020,1,0,0
"Seattle, WA",US,2/9/2020,1,0,1
"Tempe, AZ",US,2/1/2020,1,0,0
Hubei,Mainland China,2/12/2020,33366,1068,2686
Guangdong,Mainland China,2/12/2020,1219,1,275
Henan,Mainland China,2/12/2020,1135,8,246
Zhejiang,Mainland China,2/12/2020,1131,0,321
Hunan,Mainland China,2/12/2020,946,2,304
Anhui,Mainland China,2/12/2020,889,4,127
Jiangxi,Mainland China,2/12/2020,844,1,152
Jiangsu,Mainland China,2/12/2020,543,0,125
Chongqing,Mainland China,2/12/2020,518,3,102
Shandong,Mainland China,2/12/2020,497,2,92
Sichuan,Mainland China,2/12/2020,436,1,92
Heilongjiang,Mainland China,2/12/2020,378,8,31
Beijing,Mainland China,2/12/2020,352,3,56
Shanghai,Mainland China,2/12/2020,311,1,57
Fujian,Mainland China,2/12/2020,272,0,53
Hebei,Mainland China,2/12/2020,251,2,54
Shaanxi,Mainland China,2/12/2020,225,0,43
Guangxi,Mainland China,2/12/2020,222,1,32
Diamond Princess cruise ship,Others,2/12/2020,175,0,0
Hainan,Mainland China,2/12/2020,157,4,27
Yunnan,Mainland China,2/12/2020,154,0,26
Guizhou,Mainland China,2/12/2020,133,1,18
Shanxi,Mainland China,2/12/2020,126,0,33
Liaoning,Mainland China,2/12/2020,116,1,20
Tianjin,Mainland China,2/12/2020,112,2,11
Gansu,Mainland China,2/12/2020,87,2,31
Jilin,Mainland China,2/12/2020,83,1,22
Inner Mongolia,Mainland China,2/12/2020,60,0,6
Xinjiang,Mainland China,2/12/2020,59,0,3
Ningxia,Mainland China,2/12/2020,58,0,24
Hong Kong,Hong Kong,2/12/2020,50,1,1
,Singapore,2/12/2020,50,0,15
,Thailand,2/11/2020,33,0,10
,Japan,2/12/2020,28,0,9
,South Korea,2/12/2020,28,0,7
Qinghai,Mainland China,2/12/2020,18,0,9
,Malaysia,2/11/2020,18,0,3
Taiwan,Taiwan,2/9/2020,18,0,1
,Germany,2/11/2020,16,0,0
,Vietnam,2/11/2020,15,0,6
,France,2/12/2020,11,0,2
Macau,Macau,2/12/2020,10,0,2
,UK,2/12/2020,9,0,1
,United Arab Emirates,2/12/2020,8,0,1
Queensland,Australia,2/9/2020,5,0,0
New South Wales,Australia,2/6/2020,4,0,2
Victoria,Australia,2/1/2020,4,0,0
British Columbia,Canada,2/7/2020,4,0,0
,India,2/3/2020,3,0,0
,Italy,2/7/2020,3,0,0
,Philippines,2/12/2020,3,1,1
South Australia,Australia,2/2/2020,2,0,0
"Toronto, ON",Canada,2/4/2020,2,0,0
,Russia,2/12/2020,2,0,2
,Spain,2/9/2020,2,0,0
"Chicago, IL",US,2/9/2020,2,0,2
"San Benito, CA",US,2/3/2020,2,0,0
"Santa Clara, CA",US,2/3/2020,2,0,0
,Belgium,2/4/2020,1,0,0
,Cambodia,2/12/2020,1,0,1
"London, ON",Canada,2/12/2020,1,0,1
,Finland,2/12/2020,1,0,1
Tibet,Mainland China,2/12/2020,1,0,1
,Nepal,2/12/2020,1,0,1
,Sri Lanka,2/8/2020,1,0,1
,Sweden,2/1/2020,1,0,0
"Boston, MA",US,2/1/2020,1,0,0
"Los Angeles, CA",US,2/1/2020,1,0,0
"Madison, WI",US,2/5/2020,1,0,0
"Orange, CA",US,2/1/2020,1,0,0
"San Diego County, CA",US,2/11/2020,1,0,0
"Seattle, WA",US,2/9/2020,1,0,1
"Tempe, AZ",US,2/1/2020,1,0,0
Hubei,Mainland China,2/13/2020,48206,1310,3459
Guangdong,Mainland China,2/13/2020,1241,2,314
Henan,Mainland China,2/13/2020,1169,10,296
Zhejiang,Mainland China,2/13/2020,1145,0,360
Hunan,Mainland China,2/13/2020,968,2,339
Anhui,Mainland China,2/13/2020,910,5,157
Jiangxi,Mainland China,2/13/2020,872,1,170
Jiangsu,Mainland China,2/13/2020,570,0,139
Chongqing,Mainland China,2/13/2020,529,4,128
Shandong,Mainland China,2/13/2020,509,2,105
Sichuan,Mainland China,2/13/2020,451,1,104
Heilongjiang,Mainland China,2/13/2020,395,9,33
Beijing,Mainland China,2/13/2020,366,3,69
Shanghai,Mainland China,2/13/2020,315,1,62
Fujian,Mainland China,2/13/2020,279,0,57
Hebei,Mainland China,2/13/2020,265,3,68
Shaanxi,Mainland China,2/13/2020,229,0,46
Guangxi,Mainland China,2/13/2020,222,2,33
Diamond Princess cruise ship,Others,2/12/2020,175,0,0
Hainan,Mainland China,2/13/2020,157,4,30
Yunnan,Mainland China,2/13/2020,156,0,27
Guizhou,Mainland China,2/13/2020,135,1,27
Shanxi,Mainland China,2/13/2020,126,0,36
Tianjin,Mainland China,2/13/2020,119,3,21
Liaoning,Mainland China,2/13/2020,117,1,22
Gansu,Mainland China,2/13/2020,90,2,39
Jilin,Mainland China,2/13/2020,84,1,24
Ningxia,Mainland China,2/13/2020,64,0,24
Xinjiang,Mainland China,2/13/2020,63,1,6
Inner Mongolia,Mainland China,2/13/2020,61,0,6
,Singapore,2/13/2020,58,0,15
Hong Kong,Hong Kong,2/13/2020,53,1,1
,Thailand,2/13/2020,33,0,12
,Japan,2/13/2020,28,1,9
,South Korea,2/12/2020,28,0,7
,Malaysia,2/13/2020,19,0,3
Qinghai,Mainland China,2/13/2020,18,0,11
Taiwan,Taiwan,2/9/2020,18,0,1
,Germany,2/13/2020,16,0,1
,Vietnam,2/13/2020,16,0,7
,France,2/12/2020,11,0,2
Macau,Macau,2/13/2020,10,0,3
,UK,2/12/2020,9,0,1
,United Arab Emirates,2/12/2020,8,0,1
Queensland,Australia,2/9/2020,5,0,0
New South Wales,Australia,2/13/2020,4,0,4
Victoria,Australia,2/13/2020,4,0,4
British Columbia,Canada,2/7/2020,4,0,0
,India,2/13/2020,3,0,0
,Italy,2/7/2020,3,0,0
,Philippines,2/12/2020,3,1,1
South Australia,Australia,2/2/2020,2,0,0
"Toronto, ON",Canada,2/4/2020,2,0,0
,Russia,2/12/2020,2,0,2
,Spain,2/9/2020,2,0,0
"Chicago, IL",US,2/9/2020,2,0,2
"San Benito, CA",US,2/3/2020,2,0,0
"San Diego County, CA",US,2/13/2020,2,0,0
"Santa Clara, CA",US,2/3/2020,2,0,0
,Belgium,2/4/2020,1,0,0
,Cambodia,2/12/2020,1,0,1
"London, ON",Canada,2/12/2020,1,0,1
,Finland,2/12/2020,1,0,1
Tibet,Mainland China,2/12/2020,1,0,1
,Nepal,2/12/2020,1,0,1
,Sri Lanka,2/8/2020,1,0,1
,Sweden,2/1/2020,1,0,0
"Boston, MA",US,2/1/2020,1,0,0
"Los Angeles, CA",US,2/1/2020,1,0,0
"Madison, WI",US,2/5/2020,1,0,0
"Orange, CA",US,2/1/2020,1,0,0
"San Antonio, TX",US,2/13/2020,1,0,0
"Seattle, WA",US,2/9/2020,1,0,1
"Tempe, AZ",US,2/1/2020,1,0,0
Hubei,Mainland China,2/14/2020,54406,1457,4774
Guangdong,Mainland China,2/14/2020,1261,2,362
Henan,Mainland China,2/14/2020,1184,11,357
Zhejiang,Mainland China,2/14/2020,1155,0,403
Hunan,Mainland China,2/14/2020,988,2,364
Anhui,Mainland China,2/14/2020,934,6,193
Jiangxi,Mainland China,2/14/2020,900,1,187
Jiangsu,Mainland China,2/14/2020,593,0,157
Chongqing,Mainland China,2/14/2020,537,5,152
Shandong,Mainland China,2/14/2020,523,2,136
Sichuan,Mainland China,2/14/2020,463,1,114
Heilongjiang,Mainland China,2/14/2020,419,11,47
Beijing,Mainland China,2/14/2020,372,3,80
Shanghai,Mainland China,2/14/2020,318,1,90
Hebei,Mainland China,2/14/2020,283,3,87
Fujian,Mainland China,2/14/2020,281,0,63
Shaanxi,Mainland China,2/14/2020,230,0,54
Guangxi,Mainland China,2/14/2020,226,2,36
Diamond Princess cruise ship,Others,2/14/2020,218,0,0
Yunnan,Mainland China,2/14/2020,162,0,36
Hainan,Mainland China,2/14/2020,159,4,43
Guizhou,Mainland China,2/14/2020,140,1,28
Shanxi,Mainland China,2/14/2020,127,0,38
Tianjin,Mainland China,2/14/2020,120,3,31
Liaoning,Mainland China,2/14/2020,119,1,29
Gansu,Mainland China,2/13/2020,90,2,39
Jilin,Mainland China,2/14/2020,86,1,25
Ningxia,Mainland China,2/14/2020,67,0,24
,Singapore,2/14/2020,67,0,17
Inner Mongolia,Mainland China,2/14/2020,65,0,6
Xinjiang,Mainland China,2/14/2020,65,1,6
Hong Kong,Hong Kong,2/14/2020,56,1,1
,Thailand,2/13/2020,33,0,12
,Japan,2/14/2020,29,1,9
,South Korea,2/12/2020,28,0,7
,Malaysia,2/13/2020,19,0,3
Qinghai,Mainland China,2/13/2020,18,0,11
Taiwan,Taiwan,2/14/2020,18,0,2
,Germany,2/13/2020,16,0,1
,Vietnam,2/13/2020,16,0,7
,France,2/12/2020,11,0,2
Macau,Macau,2/13/2020,10,0,3
,UK,2/12/2020,9,0,1
,United Arab Emirates,2/12/2020,8,0,1
Queensland,Australia,2/9/2020,5,0,0
New South Wales,Australia,2/13/2020,4,0,4
Victoria,Australia,2/13/2020,4,0,4
British Columbia,Canada,2/7/2020,4,0,0
,India,2/13/2020,3,0,0
,Italy,2/7/2020,3,0,0
,Philippines,2/12/2020,3,1,1
South Australia,Australia,2/2/2020,2,0,0
"Toronto, ON",Canada,2/4/2020,2,0,0
,Russia,2/12/2020,2,0,2
,Spain,2/9/2020,2,0,0
"Chicago, IL",US,2/9/2020,2,0,2
"San Benito, CA",US,2/3/2020,2,0,0
"San Diego County, CA",US,2/13/2020,2,0,0
"Santa Clara, CA",US,2/3/2020,2,0,0
,Belgium,2/4/2020,1,0,0
,Cambodia,2/12/2020,1,0,1
"London, ON",Canada,2/12/2020,1,0,1
,Egypt,2/14/2020,1,0,0
,Finland,2/12/2020,1,0,1
Tibet,Mainland China,2/12/2020,1,0,1
,Nepal,2/12/2020,1,0,1
,Sri Lanka,2/8/2020,1,0,1
,Sweden,2/1/2020,1,0,0
"Boston, MA",US,2/1/2020,1,0,0
"Los Angeles, CA",US,2/1/2020,1,0,0
"Madison, WI",US,2/5/2020,1,0,0
"Orange, CA",US,2/1/2020,1,0,0
"San Antonio, TX",US,2/13/2020,1,0,0
"Seattle, WA",US,2/9/2020,1,0,1
"Tempe, AZ",US,2/1/2020,1,0,0
Hubei,Mainland China,2/15/2020,56249,1596,5623
Guangdong,Mainland China,2/15/2020,1294,2,410
Henan,Mainland China,2/15/2020,1212,13,391
Zhejiang,Mainland China,2/15/2020,1162,0,428
Hunan,Mainland China,2/15/2020,1001,2,425
Anhui,Mainland China,2/15/2020,950,6,221
Jiangxi,Mainland China,2/15/2020,913,1,210
Jiangsu,Mainland China,2/15/2020,604,0,186
Chongqing,Mainland China,2/15/2020,544,5,184
Shandong,Mainland China,2/15/2020,532,2,156
Sichuan,Mainland China,2/15/2020,470,1,119
Heilongjiang,Mainland China,2/15/2020,425,11,68
Beijing,Mainland China,2/15/2020,375,4,98
Shanghai,Mainland China,2/15/2020,326,1,124
Hebei,Mainland China,2/15/2020,291,3,101
Fujian,Mainland China,2/15/2020,285,0,71
Diamond Princess cruise ship,Others,2/15/2020,285,0,0
Guangxi,Mainland China,2/15/2020,235,2,44
Shaanxi,Mainland China,2/15/2020,232,0,60
Yunnan,Mainland China,2/15/2020,168,0,42
Hainan,Mainland China,2/15/2020,162,4,39
Guizhou,Mainland China,2/15/2020,143,1,41
Shanxi,Mainland China,2/15/2020,128,0,46
Tianjin,Mainland China,2/15/2020,122,3,37
Liaoning,Mainland China,2/15/2020,119,1,31
Gansu,Mainland China,2/15/2020,90,2,49
Jilin,Mainland China,2/15/2020,88,1,26
,Singapore,2/15/2020,72,0,18
Ningxia,Mainland China,2/15/2020,70,0,33
Xinjiang,Mainland China,2/15/2020,70,1,10
Inner Mongolia,Mainland China,2/15/2020,68,0,7
Hong Kong,Hong Kong,2/14/2020,56,1,1
,Japan,2/15/2020,43,1,12
,Thailand,2/13/2020,33,0,12
,South Korea,2/15/2020,28,0,9
,Malaysia,2/15/2020,22,0,7
Qinghai,Mainland China,2/15/2020,18,0,13
Taiwan,Taiwan,2/15/2020,18,0,2
,Germany,2/13/2020,16,0,1
,Vietnam,2/13/2020,16,0,7
,France,2/15/2020,12,1,4
Macau,Macau,2/13/2020,10,0,3
,UK,2/12/2020,9,0,1
,United Arab Emirates,2/15/2020,8,0,3
Queensland,Australia,2/9/2020,5,0,0
New South Wales,Australia,2/13/2020,4,0,4
Victoria,Australia,2/13/2020,4,0,4
British Columbia,Canada,2/7/2020,4,0,0
,India,2/13/2020,3,0,0
,Italy,2/7/2020,3,0,0
,Philippines,2/12/2020,3,1,1
South Australia,Australia,2/2/2020,2,0,0
"Toronto, ON",Canada,2/4/2020,2,0,0
,Russia,2/12/2020,2,0,2
,Spain,2/15/2020,2,0,2
"Chicago, IL",US,2/9/2020,2,0,2
"San Benito, CA",US,2/3/2020,2,0,0
"San Diego County, CA",US,2/13/2020,2,0,0
"Santa Clara, CA",US,2/3/2020,2,0,0
,Belgium,2/4/2020,1,0,0
,Cambodia,2/12/2020,1,0,1
"London, ON",Canada,2/12/2020,1,0,1
,Egypt,2/14/2020,1,0,0
,Finland,2/12/2020,1,0,1
Tibet,Mainland China,2/12/2020,1,0,1
,Nepal,2/12/2020,1,0,1
,Sri Lanka,2/8/2020,1,0,1
,Sweden,2/1/2020,1,0,0
"Boston, MA",US,2/1/2020,1,0,0
"Los Angeles, CA",US,2/1/2020,1,0,0
"Madison, WI",US,2/5/2020,1,0,0
"Orange, CA",US,2/1/2020,1,0,0
"San Antonio, TX",US,2/13/2020,1,0,0
"Seattle, WA",US,2/9/2020,1,0,1
"Tempe, AZ",US,2/1/2020,1,0,0
Hubei,Mainland China,2/16/2020,58182,1696,6639
Guangdong,Mainland China,2/16/2020,1316,2,465
Henan,Mainland China,2/16/2020,1231,13,440
Zhejiang,Mainland China,2/16/2020,1167,0,456
Hunan,Mainland China,2/16/2020,1004,3,464
Anhui,Mainland China,2/16/2020,962,6,255
Jiangxi,Mainland China,2/16/2020,925,1,240
Jiangsu,Mainland China,2/16/2020,617,0,218
Chongqing,Mainland China,2/16/2020,551,5,207
Shandong,Mainland China,2/16/2020,537,2,173
Sichuan,Mainland China,2/16/2020,481,3,131
Heilongjiang,Mainland China,2/16/2020,445,11,79
Beijing,Mainland China,2/16/2020,380,4,108
Diamond Princess cruise ship,Others,2/16/2020,355,0,0
Shanghai,Mainland China,2/16/2020,328,1,140
Hebei,Mainland China,2/16/2020,300,3,105
Fujian,Mainland China,2/16/2020,287,0,82
Guangxi,Mainland China,2/16/2020,237,2,49
Shaanxi,Mainland China,2/16/2020,236,0,71
Yunnan,Mainland China,2/16/2020,171,0,42
Hainan,Mainland China,2/16/2020,162,4,52
Guizhou,Mainland China,2/16/2020,144,1,46
Shanxi,Mainland China,2/16/2020,129,0,50
Tianjin,Mainland China,2/16/2020,124,3,45
Liaoning,Mainland China,2/16/2020,121,1,40
Gansu,Mainland China,2/16/2020,90,2,54
Jilin,Mainland China,2/16/2020,89,1,30
,Singapore,2/16/2020,75,0,18
Xinjiang,Mainland China,2/16/2020,71,1,12
Inner Mongolia,Mainland China,2/16/2020,70,0,8
Ningxia,Mainland China,2/15/2020,70,0,33
,Japan,2/16/2020,59,1,12
Hong Kong,Hong Kong,2/16/2020,57,1,2
,Thailand,2/16/2020,34,0,14
,South Korea,2/16/2020,29,0,9
,Malaysia,2/15/2020,22,0,7
Taiwan,Taiwan,2/16/2020,20,1,2
Qinghai,Mainland China,2/15/2020,18,0,13
,Germany,2/13/2020,16,0,1
,Vietnam,2/13/2020,16,0,7
,France,2/15/2020,12,1,4
Macau,Macau,2/16/2020,10,0,5
,UK,2/16/2020,9,0,8
,United Arab Emirates,2/16/2020,9,0,4
Queensland,Australia,2/9/2020,5,0,0
New South Wales,Australia,2/13/2020,4,0,4
Victoria,Australia,2/13/2020,4,0,4
British Columbia,Canada,2/7/2020,4,0,0
,India,2/16/2020,3,0,3
,Italy,2/7/2020,3,0,0
,Philippines,2/12/2020,3,1,1
South Australia,Australia,2/2/2020,2,0,0
"Toronto, ON",Canada,2/4/2020,2,0,0
,Russia,2/12/2020,2,0,2
,Spain,2/15/2020,2,0,2
"Chicago, IL",US,2/9/2020,2,0,2
"San Benito, CA",US,2/3/2020,2,0,0
"San Diego County, CA",US,2/13/2020,2,0,0
"Santa Clara, CA",US,2/3/2020,2,0,0
,Belgium,2/4/2020,1,0,0
,Cambodia,2/12/2020,1,0,1
"London, ON",Canada,2/12/2020,1,0,1
,Egypt,2/14/2020,1,0,0
,Finland,2/12/2020,1,0,1
Tibet,Mainland China,2/12/2020,1,0,1
,Nepal,2/12/2020,1,0,1
,Sri Lanka,2/8/2020,1,0,1
,Sweden,2/1/2020,1,0,0
"Boston, MA",US,2/1/2020,1,0,0
"Los Angeles, CA",US,2/1/2020,1,0,0
"Madison, WI",US,2/5/2020,1,0,0
"Orange, CA",US,2/1/2020,1,0,0
"San Antonio, TX",US,2/13/2020,1,0,0
"Seattle, WA",US,2/9/2020,1,0,1
"Tempe, AZ",US,2/1/2020,1,0,0
Hubei,Mainland China,2/17/2020,59989,1789,7862
Guangdong,Mainland China,2/17/2020,1322,4,524
Henan,Mainland China,2/17/2020,1246,16,509
Zhejiang,Mainland China,2/17/2020,1171,0,507
Hunan,Mainland China,2/17/2020,1006,3,498
Anhui,Mainland China,2/17/2020,973,6,280
Jiangxi,Mainland China,2/17/2020,930,1,275
Jiangsu,Mainland China,2/17/2020,626,0,258
Chongqing,Mainland China,2/17/2020,553,5,225
Shandong,Mainland China,2/17/2020,541,2,191
Sichuan,Mainland China,2/17/2020,495,3,156
Heilongjiang,Mainland China,2/17/2020,457,11,85
Diamond Princess cruise ship,Others,2/17/2020,454,0,0
Beijing,Mainland China,2/17/2020,381,4,114
Shanghai,Mainland China,2/17/2020,333,1,161
Hebei,Mainland China,2/17/2020,301,3,122
Fujian,Mainland China,2/17/2020,290,0,90
Shaanxi,Mainland China,2/17/2020,240,0,79
Guangxi,Mainland China,2/17/2020,238,2,53
Yunnan,Mainland China,2/17/2020,171,0,47
Hainan,Mainland China,2/17/2020,163,4,59
Guizhou,Mainland China,2/17/2020,146,1,57
Shanxi,Mainland China,2/17/2020,130,0,53
Tianjin,Mainland China,2/17/2020,125,3,46
Liaoning,Mainland China,2/17/2020,121,1,43
Gansu,Mainland China,2/17/2020,91,2,58
Jilin,Mainland China,2/17/2020,89,1,34
,Singapore,2/17/2020,77,0,24
Xinjiang,Mainland China,2/17/2020,75,1,12
Inner Mongolia,Mainland China,2/17/2020,72,0,8
Ningxia,Mainland China,2/17/2020,70,0,35
,Japan,2/17/2020,66,1,12
Hong Kong,Hong Kong,2/17/2020,60,1,2
,Thailand,2/17/2020,35,0,15
,South Korea,2/17/2020,30,0,10
,Malaysia,2/15/2020,22,0,7
Taiwan,Taiwan,2/17/2020,22,1,2
Qinghai,Mainland China,2/15/2020,18,0,13
,Germany,2/13/2020,16,0,1
,Vietnam,2/13/2020,16,0,7
,France,2/15/2020,12,1,4
Macau,Macau,2/16/2020,10,0,5
,UK,2/16/2020,9,0,8
,United Arab Emirates,2/16/2020,9,0,4
Queensland,Australia,2/9/2020,5,0,0
British Columbia,Canada,2/17/2020,5,0,0
New South Wales,Australia,2/13/2020,4,0,4
Victoria,Australia,2/13/2020,4,0,4
,India,2/16/2020,3,0,3
,Italy,2/7/2020,3,0,0
,Philippines,2/12/2020,3,1,1
South Australia,Australia,2/17/2020,2,0,2
"Toronto, ON",Canada,2/4/2020,2,0,0
,Russia,2/12/2020,2,0,2
,Spain,2/15/2020,2,0,2
"Chicago, IL",US,2/9/2020,2,0,2
"San Benito, CA",US,2/3/2020,2,0,0
"San Diego County, CA",US,2/13/2020,2,0,0
"Santa Clara, CA",US,2/3/2020,2,0,0
,Belgium,2/17/2020,1,0,1
,Cambodia,2/12/2020,1,0,1
"London, ON",Canada,2/12/2020,1,0,1
,Egypt,2/14/2020,1,0,0
,Finland,2/12/2020,1,0,1
Tibet,Mainland China,2/12/2020,1,0,1
,Nepal,2/12/2020,1,0,1
,Sri Lanka,2/8/2020,1,0,1
,Sweden,2/1/2020,1,0,0
"Boston, MA",US,2/1/2020,1,0,0
"Los Angeles, CA",US,2/1/2020,1,0,0
"Madison, WI",US,2/5/2020,1,0,0
"Orange, CA",US,2/1/2020,1,0,0
"San Antonio, TX",US,2/13/2020,1,0,0
"Seattle, WA",US,2/9/2020,1,0,1
"Tempe, AZ",US,2/1/2020,1,0,0
Hubei,Mainland China,2/18/2020,61682,1921,9128
Guangdong,Mainland China,2/18/2020,1328,4,565
Henan,Mainland China,2/18/2020,1257,19,522
Zhejiang,Mainland China,2/18/2020,1172,0,535
Hunan,Mainland China,2/18/2020,1007,4,527
Anhui,Mainland China,2/18/2020,982,6,361
Jiangxi,Mainland China,2/18/2020,933,1,310
Jiangsu,Mainland China,2/18/2020,629,0,280
Chongqing,Mainland China,2/18/2020,555,5,254
Shandong,Mainland China,2/18/2020,543,3,211
Diamond Princess cruise ship,Others,2/18/2020,542,0,0
Sichuan,Mainland China,2/18/2020,508,3,169
Heilongjiang,Mainland China,2/18/2020,464,11,111
Beijing,Mainland China,2/18/2020,387,4,122
Shanghai,Mainland China,2/18/2020,333,1,177
Hebei,Mainland China,2/18/2020,306,4,136
Fujian,Mainland China,2/18/2020,292,0,93
Guangxi,Mainland China,2/18/2020,242,2,69
Shaanxi,Mainland China,2/18/2020,240,0,89
Yunnan,Mainland China,2/18/2020,172,0,57
Hainan,Mainland China,2/18/2020,163,4,79
Guizhou,Mainland China,2/18/2020,146,2,66
Shanxi,Mainland China,2/18/2020,131,0,61
Tianjin,Mainland China,2/18/2020,128,3,48
Liaoning,Mainland China,2/18/2020,121,1,53
Gansu,Mainland China,2/18/2020,91,2,62
Jilin,Mainland China,2/18/2020,89,1,36
,Singapore,2/18/2020,81,0,29
Xinjiang,Mainland China,2/18/2020,76,1,12
,Japan,2/18/2020,74,1,13
Inner Mongolia,Mainland China,2/18/2020,73,0,8
Ningxia,Mainland China,2/18/2020,70,0,42
Hong Kong,Hong Kong,2/18/2020,62,1,2
,Thailand,2/17/2020,35,0,15
,South Korea,2/18/2020,31,0,12
,Malaysia,2/18/2020,22,0,13
Taiwan,Taiwan,2/17/2020,22,1,2
Qinghai,Mainland China,2/18/2020,18,0,15
,Germany,2/18/2020,16,0,12
,Vietnam,2/13/2020,16,0,7
,France,2/15/2020,12,1,4
Macau,Macau,2/16/2020,10,0,5
,UK,2/16/2020,9,0,8
,United Arab Emirates,2/16/2020,9,0,4
Queensland,Australia,2/9/2020,5,0,0
British Columbia,Canada,2/17/2020,5,0,0
New South Wales,Australia,2/13/2020,4,0,4
Victoria,Australia,2/13/2020,4,0,4
,India,2/16/2020,3,0,3
,Italy,2/7/2020,3,0,0
,Philippines,2/12/2020,3,1,1
South Australia,Australia,2/17/2020,2,0,2
"Toronto, ON",Canada,2/4/2020,2,0,0
,Russia,2/12/2020,2,0,2
,Spain,2/15/2020,2,0,2
"Chicago, IL",US,2/9/2020,2,0,2
"San Benito, CA",US,2/3/2020,2,0,0
"San Diego County, CA",US,2/13/2020,2,0,0
"Santa Clara, CA",US,2/3/2020,2,0,0
,Belgium,2/17/2020,1,0,1
,Cambodia,2/12/2020,1,0,1
"London, ON",Canada,2/12/2020,1,0,1
,Egypt,2/14/2020,1,0,0
,Finland,2/12/2020,1,0,1
Tibet,Mainland China,2/12/2020,1,0,1
,Nepal,2/12/2020,1,0,1
,Sri Lanka,2/8/2020,1,0,1
,Sweden,2/1/2020,1,0,0
"Boston, MA",US,2/1/2020,1,0,0
"Los Angeles, CA",US,2/1/2020,1,0,0
"Madison, WI",US,2/5/2020,1,0,0
"Orange, CA",US,2/1/2020,1,0,0
"San Antonio, TX",US,2/13/2020,1,0,0
"Seattle, WA",US,2/9/2020,1,0,1
"Tempe, AZ",US,2/1/2020,1,0,0
Hubei,Mainland China,2/19/2020,62031,2029,10337
Guangdong,Mainland China,2/19/2020,1331,5,606
Henan,Mainland China,2/19/2020,1262,19,573
Zhejiang,Mainland China,2/19/2020,1174,0,604
Hunan,Mainland China,2/19/2020,1008,4,561
Anhui,Mainland China,2/19/2020,986,6,413
Jiangxi,Mainland China,2/19/2020,934,1,362
Jiangsu,Mainland China,2/19/2020,631,0,318
Diamond Princess cruise ship,Others,2/19/2020,621,0,1
Chongqing,Mainland China,2/19/2020,560,5,274
Shandong,Mainland China,2/19/2020,544,3,231
Sichuan,Mainland China,2/19/2020,514,3,188
Heilongjiang,Mainland China,2/19/2020,470,12,120
Beijing,Mainland China,2/19/2020,393,4,145
Shanghai,Mainland China,2/19/2020,333,2,186
Hebei,Mainland China,2/19/2020,306,4,152
Fujian,Mainland China,2/19/2020,293,0,112
Guangxi,Mainland China,2/19/2020,244,2,86
Shaanxi,Mainland China,2/19/2020,242,0,102
Yunnan,Mainland China,2/19/2020,172,1,60
Hainan,Mainland China,2/19/2020,168,4,84
Guizhou,Mainland China,2/19/2020,146,2,70
Shanxi,Mainland China,2/19/2020,131,0,68
Tianjin,Mainland China,2/19/2020,130,3,54
Liaoning,Mainland China,2/19/2020,121,1,55
Gansu,Mainland China,2/19/2020,91,2,65
Jilin,Mainland China,2/19/2020,90,1,37
,Japan,2/19/2020,84,1,18
,Singapore,2/19/2020,84,0,34
Xinjiang,Mainland China,2/19/2020,76,1,20
Inner Mongolia,Mainland China,2/19/2020,75,0,10
Ningxia,Mainland China,2/19/2020,71,0,42
Hong Kong,Hong Kong,2/19/2020,63,2,5
,Thailand,2/17/2020,35,0,15
,South Korea,2/18/2020,31,0,12
Taiwan,Taiwan,2/19/2020,23,1,2
,Malaysia,2/19/2020,22,0,15
Qinghai,Mainland China,2/19/2020,18,0,16
,Germany,2/18/2020,16,0,12
,Vietnam,2/13/2020,16,0,7
,France,2/15/2020,12,1,4
Macau,Macau,2/16/2020,10,0,5
,UK,2/16/2020,9,0,8
,United Arab Emirates,2/16/2020,9,0,4
Queensland,Australia,2/9/2020,5,0,0
British Columbia,Canada,2/17/2020,5,0,0
New South Wales,Australia,2/13/2020,4,0,4
Victoria,Australia,2/13/2020,4,0,4
,India,2/16/2020,3,0,3
,Italy,2/7/2020,3,0,0
,Philippines,2/12/2020,3,1,1
South Australia,Australia,2/17/2020,2,0,2
"Toronto, ON",Canada,2/4/2020,2,0,0
,Iran,2/19/2020,2,2,0
,Russia,2/12/2020,2,0,2
,Spain,2/15/2020,2,0,2
"Chicago, IL",US,2/9/2020,2,0,2
"San Benito, CA",US,2/3/2020,2,0,0
"San Diego County, CA",US,2/13/2020,2,0,0
"Santa Clara, CA",US,2/3/2020,2,0,0
,Belgium,2/17/2020,1,0,1
,Cambodia,2/12/2020,1,0,1
"London, ON",Canada,2/12/2020,1,0,1
,Egypt,2/14/2020,1,0,0
,Finland,2/12/2020,1,0,1
Tibet,Mainland China,2/12/2020,1,0,1
,Nepal,2/12/2020,1,0,1
,Sri Lanka,2/8/2020,1,0,1
,Sweden,2/1/2020,1,0,0
"Boston, MA",US,2/1/2020,1,0,0
"Los Angeles, CA",US,2/1/2020,1,0,0
"Madison, WI",US,2/5/2020,1,0,0
"Orange, CA",US,2/1/2020,1,0,0
"San Antonio, TX",US,2/13/2020,1,0,0
"Seattle, WA",US,2/9/2020,1,0,1
"Tempe, AZ",US,2/1/2020,1,0,0
Hubei,Mainland China,2/20/2020,62442,2144,11788
Guangdong,Mainland China,2/20/2020,1332,5,642
Henan,Mainland China,2/20/2020,1265,19,637
Zhejiang,Mainland China,2/20/2020,1175,1,633
Hunan,Mainland China,2/20/2020,1010,4,634
Anhui,Mainland China,2/20/2020,987,6,474
Jiangxi,Mainland China,2/20/2020,934,1,433
Diamond Princess cruise ship,Others,2/20/2020,634,2,1
Jiangsu,Mainland China,2/20/2020,631,0,356
Chongqing,Mainland China,2/20/2020,567,6,299
Shandong,Mainland China,2/20/2020,546,4,254
Sichuan,Mainland China,2/20/2020,520,3,217
Heilongjiang,Mainland China,2/20/2020,476,12,136
Beijing,Mainland China,2/20/2020,395,4,153
Shanghai,Mainland China,2/20/2020,334,2,199
Hebei,Mainland China,2/20/2020,307,5,169
Fujian,Mainland China,2/20/2020,293,1,126
Guangxi,Mainland China,2/20/2020,245,2,90
Shaanxi,Mainland China,2/20/2020,245,1,118
Yunnan,Mainland China,2/20/2020,174,2,79
Hainan,Mainland China,2/20/2020,168,4,86
Guizhou,Mainland China,2/20/2020,146,2,72
Shanxi,Mainland China,2/20/2020,132,0,76
Tianjin,Mainland China,2/20/2020,131,3,59
Liaoning,Mainland China,2/20/2020,121,1,59
,South Korea,2/20/2020,104,1,16
,Japan,2/20/2020,94,1,18
Gansu,Mainland China,2/20/2020,91,2,71
Jilin,Mainland China,2/20/2020,91,1,43
,Singapore,2/19/2020,84,0,34
Xinjiang,Mainland China,2/20/2020,76,1,22
Inner Mongolia,Mainland China,2/20/2020,75,0,16
Ningxia,Mainland China,2/20/2020,71,0,44
Hong Kong,Hong Kong,2/20/2020,68,2,6
,Thailand,2/17/2020,35,0,15
Taiwan,Taiwan,2/20/2020,24,1,2
,Malaysia,2/19/2020,22,0,15
Qinghai,Mainland China,2/19/2020,18,0,16
,Germany,2/18/2020,16,0,12
,Vietnam,2/13/2020,16,0,7
,France,2/15/2020,12,1,4
Macau,Macau,2/20/2020,10,0,6
,UK,2/16/2020,9,0,8
,United Arab Emirates,2/16/2020,9,0,4
Queensland,Australia,2/9/2020,5,0,0
British Columbia,Canada,2/17/2020,5,0,0
,Iran,2/20/2020,5,2,0
New South Wales,Australia,2/13/2020,4,0,4
Victoria,Australia,2/13/2020,4,0,4
,India,2/16/2020,3,0,3
,Italy,2/7/2020,3,0,0
,Philippines,2/12/2020,3,1,1
South Australia,Australia,2/17/2020,2,0,2
"Toronto, ON",Canada,2/4/2020,2,0,0
,Russia,2/12/2020,2,0,2
,Spain,2/15/2020,2,0,2
"Chicago, IL",US,2/9/2020,2,0,2
"San Benito, CA",US,2/3/2020,2,0,0
"San Diego County, CA",US,2/13/2020,2,0,0
"Santa Clara, CA",US,2/3/2020,2,0,0
,Belgium,2/17/2020,1,0,1
,Cambodia,2/12/2020,1,0,1
"London, ON",Canada,2/12/2020,1,0,1
,Egypt,2/14/2020,1,0,0
,Finland,2/12/2020,1,0,1
Tibet,Mainland China,2/12/2020,1,0,1
,Nepal,2/12/2020,1,0,1
,Sri Lanka,2/8/2020,1,0,1
,Sweden,2/1/2020,1,0,0
"Boston, MA",US,2/1/2020,1,0,0
"Los Angeles, CA",US,2/1/2020,1,0,0
"Madison, WI",US,2/5/2020,1,0,0
"Orange, CA",US,2/1/2020,1,0,0
"San Antonio, TX",US,2/13/2020,1,0,0
"Seattle, WA",US,2/9/2020,1,0,1
"Tempe, AZ",US,2/1/2020,1,0,0
Hubei,Mainland China,2/21/2020,62662,2144,11881
Guangdong,Mainland China,2/21/2020,1333,5,690
Henan,Mainland China,2/21/2020,1267,19,736
Zhejiang,Mainland China,2/21/2020,1203,1,679
Hunan,Mainland China,2/21/2020,1011,4,661
Anhui,Mainland China,2/21/2020,988,6,539
Jiangxi,Mainland China,2/21/2020,934,1,489
Shandong,Mainland China,2/21/2020,749,4,281
Diamond Princess cruise ship,Others,2/20/2020,634,2,1
Jiangsu,Mainland China,2/21/2020,631,0,373
Chongqing,Mainland China,2/21/2020,572,6,316
Sichuan,Mainland China,2/21/2020,525,3,231
Heilongjiang,Mainland China,2/21/2020,479,12,175
Beijing,Mainland China,2/21/2020,396,4,169
Shanghai,Mainland China,2/21/2020,334,2,211
Hebei,Mainland China,2/21/2020,308,5,184
Fujian,Mainland China,2/21/2020,293,1,149
Guangxi,Mainland China,2/21/2020,246,2,97
Shaanxi,Mainland China,2/21/2020,245,1,134
,South Korea,2/21/2020,204,2,16
Yunnan,Mainland China,2/21/2020,174,2,96
Hainan,Mainland China,2/21/2020,168,4,95
Guizhou,Mainland China,2/21/2020,146,2,77
Shanxi,Mainland China,2/21/2020,132,0,78
Tianjin,Mainland China,2/21/2020,132,3,62
Liaoning,Mainland China,2/21/2020,121,1,61
,Japan,2/21/2020,105,1,22
Gansu,Mainland China,2/21/2020,91,2,76
Jilin,Mainland China,2/21/2020,91,1,45
,Singapore,2/21/2020,85,0,37
Xinjiang,Mainland China,2/21/2020,76,1,24
Inner Mongolia,Mainland China,2/21/2020,75,0,17
Ningxia,Mainland China,2/21/2020,71,0,48
Hong Kong,Hong Kong,2/21/2020,68,2,5
,Thailand,2/21/2020,35,0,17
Taiwan,Taiwan,2/21/2020,26,1,2
,Malaysia,2/19/2020,22,0,15
,Italy,2/21/2020,20,1,0
,Iran,2/21/2020,18,4,0
Qinghai,Mainland China,2/21/2020,18,0,18
,Germany,2/21/2020,16,0,14
,Vietnam,2/21/2020,16,0,14
,France,2/15/2020,12,1,4
"Ashland, NE",US,2/21/2020,11,0,0
Macau,Macau,2/20/2020,10,0,6
,UK,2/16/2020,9,0,8
,United Arab Emirates,2/16/2020,9,0,4
British Columbia,Canada,2/21/2020,6,0,0
Queensland,Australia,2/21/2020,5,0,1
"Travis, CA",US,2/21/2020,5,0,0
From Diamond Princess,Australia,2/21/2020,4,0,0
New South Wales,Australia,2/13/2020,4,0,4
Victoria,Australia,2/13/2020,4,0,4
,India,2/16/2020,3,0,3
,Philippines,2/12/2020,3,1,1
South Australia,Australia,2/17/2020,2,0,2
"Toronto, ON",Canada,2/21/2020,2,0,2
,Russia,2/12/2020,2,0,2
,Spain,2/15/2020,2,0,2
"Chicago, IL",US,2/9/2020,2,0,2
"Lackland, TX",US,2/21/2020,2,0,0
"San Benito, CA",US,2/3/2020,2,0,0
"San Diego County, CA",US,2/21/2020,2,0,1
"Santa Clara, CA",US,2/21/2020,2,0,1
,Belgium,2/17/2020,1,0,1
,Cambodia,2/12/2020,1,0,1
"London, ON",Canada,2/12/2020,1,0,1
,Egypt,2/21/2020,1,0,0
,Finland,2/12/2020,1,0,1
From Diamond Princess,Israel,2/21/2020,1,0,0
None,Lebanon,2/21/2020,1,0,0
Tibet,Mainland China,2/12/2020,1,0,1
,Nepal,2/12/2020,1,0,1
,Sri Lanka,2/8/2020,1,0,1
,Sweden,2/1/2020,1,0,0
"Boston, MA",US,2/1/2020,1,0,0
"Humboldt County, CA",US,2/21/2020,1,0,0
"Los Angeles, CA",US,2/1/2020,1,0,0
"Madison, WI",US,2/5/2020,1,0,0
"Orange, CA",US,2/1/2020,1,0,0
"Sacramento County, CA",US,2/21/2020,1,0,0
"San Antonio, TX",US,2/13/2020,1,0,0
"Seattle, WA",US,2/9/2020,1,0,1
"Tempe, AZ",US,2/1/2020,1,0,0
Hubei,Mainland China,2/22/2020,64084,2346,15299
Guangdong,Mainland China,2/22/2020,1339,5,728
Henan,Mainland China,2/22/2020,1270,19,830
Zhejiang,Mainland China,2/22/2020,1205,1,719
Hunan,Mainland China,2/22/2020,1013,4,692
Anhui,Mainland China,2/22/2020,989,6,597
Jiangxi,Mainland China,2/22/2020,934,1,555
Shandong,Mainland China,2/22/2020,750,4,302
Diamond Princess cruise ship,Others,2/20/2020,634,2,1
Jiangsu,Mainland China,2/22/2020,631,0,401
Chongqing,Mainland China,2/22/2020,573,6,328
Sichuan,Mainland China,2/22/2020,526,3,250
Heilongjiang,Mainland China,2/22/2020,479,12,204
,South Korea,2/22/2020,433,2,16
Beijing,Mainland China,2/22/2020,399,4,178
Shanghai,Mainland China,2/22/2020,335,3,227
Hebei,Mainland China,2/22/2020,309,6,203
Fujian,Mainland China,2/22/2020,293,1,162
Guangxi,Mainland China,2/22/2020,249,2,104
Shaanxi,Mainland China,2/22/2020,245,1,149
Yunnan,Mainland China,2/22/2020,174,2,107
Hainan,Mainland China,2/22/2020,168,4,104
Guizhou,Mainland China,2/22/2020,146,2,90
Tianjin,Mainland China,2/22/2020,135,3,65
Shanxi,Mainland China,2/22/2020,132,0,81
,Japan,2/22/2020,122,1,22
Liaoning,Mainland China,2/22/2020,121,1,66
Gansu,Mainland China,2/21/2020,91,2,76
Jilin,Mainland China,2/22/2020,91,1,52
,Singapore,2/21/2020,85,0,37
Xinjiang,Mainland China,2/22/2020,76,2,25
Inner Mongolia,Mainland China,2/22/2020,75,0,26
Ningxia,Mainland China,2/21/2020,71,0,48
Hong Kong,Hong Kong,2/22/2020,69,2,6
,Italy,2/22/2020,62,2,1
,Thailand,2/21/2020,35,0,17
,Iran,2/22/2020,28,5,0
Taiwan,Taiwan,2/21/2020,26,1,2
,Malaysia,2/19/2020,22,0,15
Qinghai,Mainland China,2/21/2020,18,0,18
,Germany,2/21/2020,16,0,14
,Vietnam,2/21/2020,16,0,14
,United Arab Emirates,2/22/2020,13,0,4
,France,2/15/2020,12,1,4
"Omaha, NE (From Diamond Princess)",US,2/22/2020,11,0,0
Macau,Macau,2/20/2020,10,0,6
,UK,2/16/2020,9,0,8
From Diamond Princess,Australia,2/22/2020,7,0,0
British Columbia,Canada,2/21/2020,6,0,0
Queensland,Australia,2/21/2020,5,0,1
"Travis, CA (From Diamond Princess)",US,2/22/2020,5,0,0
New South Wales,Australia,2/13/2020,4,0,4
Victoria,Australia,2/13/2020,4,0,4
,India,2/16/2020,3,0,3
,Philippines,2/12/2020,3,1,1
South Australia,Australia,2/17/2020,2,0,2
"Toronto, ON",Canada,2/21/2020,2,0,2
,Russia,2/12/2020,2,0,2
,Spain,2/15/2020,2,0,2
"Chicago, IL",US,2/9/2020,2,0,2
"Lackland, TX (From Diamond Princess)",US,2/22/2020,2,0,0
"San Benito, CA",US,2/3/2020,2,0,0
"San Diego County, CA",US,2/21/2020,2,0,1
"Santa Clara, CA",US,2/21/2020,2,0,1
,Belgium,2/17/2020,1,0,1
,Cambodia,2/12/2020,1,0,1
"London, ON",Canada,2/12/2020,1,0,1
,Egypt,2/21/2020,1,0,0
,Finland,2/12/2020,1,0,1
From Diamond Princess,Israel,2/22/2020,1,0,0
,Lebanon,2/22/2020,1,0,0
Tibet,Mainland China,2/12/2020,1,0,1
,Nepal,2/12/2020,1,0,1
,Sri Lanka,2/8/2020,1,0,1
,Sweden,2/1/2020,1,0,0
"Boston, MA",US,2/1/2020,1,0,0
"Humboldt County, CA",US,2/21/2020,1,0,0
"Los Angeles, CA",US,2/1/2020,1,0,0
"Madison, WI",US,2/5/2020,1,0,0
"Orange, CA",US,2/1/2020,1,0,0
"Sacramento County, CA",US,2/21/2020,1,0,0
"San Antonio, TX",US,2/13/2020,1,0,0
"Seattle, WA",US,2/9/2020,1,0,1
"Tempe, AZ",US,2/1/2020,1,0,0
Hubei,Mainland China,2/23/2020,64084,2346,15343
Guangdong,Mainland China,2/23/2020,1342,6,755
Henan,Mainland China,2/23/2020,1271,19,868
Zhejiang,Mainland China,2/23/2020,1205,1,760
Hunan,Mainland China,2/23/2020,1016,4,714
Anhui,Mainland China,2/23/2020,989,6,637
Jiangxi,Mainland China,2/23/2020,934,1,613
Shandong,Mainland China,2/23/2020,754,4,321
Diamond Princess cruise ship,Others,2/23/2020,691,3,0
Jiangsu,Mainland China,2/23/2020,631,0,418
,South Korea,2/23/2020,602,6,18
Chongqing,Mainland China,2/23/2020,575,6,335
Sichuan,Mainland China,2/23/2020,526,3,261
Heilongjiang,Mainland China,2/23/2020,480,12,222
Beijing,Mainland China,2/23/2020,399,4,189
Shanghai,Mainland China,2/23/2020,335,3,249
Hebei,Mainland China,2/23/2020,311,6,219
Fujian,Mainland China,2/23/2020,293,1,170
Guangxi,Mainland China,2/23/2020,249,2,106
Shaanxi,Mainland China,2/23/2020,245,1,163
Yunnan,Mainland China,2/23/2020,174,2,115
Hainan,Mainland China,2/23/2020,168,5,106
,Italy,2/23/2020,155,3,2
,Japan,2/23/2020,147,1,22
Guizhou,Mainland China,2/23/2020,146,2,102
Tianjin,Mainland China,2/23/2020,135,3,81
Shanxi,Mainland China,2/23/2020,132,0,88
Liaoning,Mainland China,2/23/2020,121,1,73
Gansu,Mainland China,2/23/2020,91,2,78
Jilin,Mainland China,2/23/2020,91,1,54
,Singapore,2/23/2020,89,0,51
Xinjiang,Mainland China,2/23/2020,76,2,28
Inner Mongolia,Mainland China,2/23/2020,75,0,27
Hong Kong,Hong Kong,2/23/2020,74,2,11
Ningxia,Mainland China,2/23/2020,71,0,56
,Iran,2/23/2020,43,8,0
,Thailand,2/23/2020,35,0,21
Taiwan,Taiwan,2/23/2020,28,1,2
,Malaysia,2/19/2020,22,0,15
Qinghai,Mainland China,2/21/2020,18,0,18
,Germany,2/21/2020,16,0,14
,Vietnam,2/21/2020,16,0,14
,United Arab Emirates,2/22/2020,13,0,4
,France,2/15/2020,12,1,4
"Omaha, NE (From Diamond Princess)",US,2/22/2020,11,0,0
Macau,Macau,2/20/2020,10,0,6
,UK,2/16/2020,9,0,8
From Diamond Princess,Australia,2/22/2020,7,0,0
British Columbia,Canada,2/21/2020,6,0,0
Queensland,Australia,2/21/2020,5,0,1
"Travis, CA (From Diamond Princess)",US,2/22/2020,5,0,0
New South Wales,Australia,2/13/2020,4,0,4
Victoria,Australia,2/13/2020,4,0,4
,India,2/16/2020,3,0,3
,Philippines,2/12/2020,3,1,1
South Australia,Australia,2/17/2020,2,0,2
"Toronto, ON",Canada,2/21/2020,2,0,2
,Russia,2/12/2020,2,0,2
,Spain,2/15/2020,2,0,2
"Chicago, IL",US,2/9/2020,2,0,2
"Lackland, TX (From Diamond Princess)",US,2/22/2020,2,0,0
"San Benito, CA",US,2/3/2020,2,0,0
"San Diego County, CA",US,2/21/2020,2,0,1
"Santa Clara, CA",US,2/21/2020,2,0,1
,Belgium,2/17/2020,1,0,1
,Cambodia,2/12/2020,1,0,1
"London, ON",Canada,2/12/2020,1,0,1
,Egypt,2/21/2020,1,0,0
,Finland,2/12/2020,1,0,1
From Diamond Princess,Israel,2/22/2020,1,0,0
,Lebanon,2/22/2020,1,0,0
Tibet,Mainland China,2/12/2020,1,0,1
,Nepal,2/12/2020,1,0,1
,Sri Lanka,2/8/2020,1,0,1
,Sweden,2/1/2020,1,0,0
"Boston, MA",US,2/1/2020,1,0,0
"Humboldt County, CA",US,2/21/2020,1,0,0
"Los Angeles, CA",US,2/1/2020,1,0,0
"Madison, WI",US,2/5/2020,1,0,0
"Orange, CA",US,2/1/2020,1,0,0
"Sacramento County, CA",US,2/21/2020,1,0,0
"San Antonio, TX",US,2/13/2020,1,0,0
"Seattle, WA",US,2/9/2020,1,0,1
"Tempe, AZ",US,2/1/2020,1,0,0
None,Iraq,2/23/2020,0,0,0
Hubei,Mainland China,2/24/2020,64287,2495,16748
Guangdong,Mainland China,2/24/2020,1345,6,786
Henan,Mainland China,2/24/2020,1271,19,943
Zhejiang,Mainland China,2/24/2020,1205,1,782
Hunan,Mainland China,2/24/2020,1016,4,731
Anhui,Mainland China,2/24/2020,989,6,663
Jiangxi,Mainland China,2/24/2020,934,1,645
,South Korea,2/24/2020,833,8,18
Shandong,Mainland China,2/24/2020,755,5,343
Diamond Princess cruise ship,Others,2/23/2020,691,3,0
Jiangsu,Mainland China,2/24/2020,631,0,452
Chongqing,Mainland China,2/24/2020,576,6,349
Sichuan,Mainland China,2/24/2020,527,3,276
Heilongjiang,Mainland China,2/24/2020,480,12,227
Beijing,Mainland China,2/24/2020,399,4,198
Shanghai,Mainland China,2/24/2020,335,3,261
Hebei,Mainland China,2/24/2020,311,6,234
Fujian,Mainland China,2/24/2020,293,1,183
Guangxi,Mainland China,2/24/2020,251,2,112
Shaanxi,Mainland China,2/24/2020,245,1,173
,Italy,2/24/2020,229,7,1
Yunnan,Mainland China,2/24/2020,174,2,124
Hainan,Mainland China,2/24/2020,168,5,116
,Japan,2/24/2020,159,1,22
Guizhou,Mainland China,2/23/2020,146,2,102
Tianjin,Mainland China,2/24/2020,135,3,87
Shanxi,Mainland China,2/24/2020,133,0,94
Liaoning,Mainland China,2/24/2020,121,1,80
Jilin,Mainland China,2/24/2020,93,1,60
Gansu,Mainland China,2/24/2020,91,2,80
,Singapore,2/23/2020,89,0,51
Hong Kong,Hong Kong,2/24/2020,79,2,19
Xinjiang,Mainland China,2/24/2020,76,2,30
Inner Mongolia,Mainland China,2/24/2020,75,0,34
Ningxia,Mainland China,2/24/2020,71,0,58
,Iran,2/24/2020,61,12,0
Unassigned Location (From Diamond Princess),US,2/24/2020,36,0,0
,Thailand,2/23/2020,35,0,21
Taiwan,Taiwan,2/24/2020,30,1,5
,Malaysia,2/24/2020,22,0,18
Qinghai,Mainland China,2/21/2020,18,0,18
,Germany,2/21/2020,16,0,14
,Vietnam,2/21/2020,16,0,14
,UK,2/24/2020,13,0,8
,United Arab Emirates,2/22/2020,13,0,4
,France,2/15/2020,12,1,4
Macau,Macau,2/20/2020,10,0,6
From Diamond Princess,Australia,2/22/2020,7,0,0
British Columbia,Canada,2/21/2020,6,0,0
Queensland,Australia,2/21/2020,5,0,1
New South Wales,Australia,2/13/2020,4,0,4
Victoria,Australia,2/13/2020,4,0,4
"Toronto, ON",Canada,2/24/2020,3,0,2
,India,2/16/2020,3,0,3
,Philippines,2/12/2020,3,1,1
South Australia,Australia,2/17/2020,2,0,2
,Oman,2/24/2020,2,0,0
,Russia,2/12/2020,2,0,2
,Spain,2/15/2020,2,0,2
"Chicago, IL",US,2/9/2020,2,0,2
"San Benito, CA",US,2/3/2020,2,0,0
"San Diego County, CA",US,2/21/2020,2,0,1
"Santa Clara, CA",US,2/21/2020,2,0,1
,Afghanistan,2/24/2020,1,0,0
,Bahrain,2/24/2020,1,0,0
,Belgium,2/17/2020,1,0,1
,Cambodia,2/12/2020,1,0,1
"London, ON",Canada,2/12/2020,1,0,1
,Egypt,2/21/2020,1,0,0
,Finland,2/12/2020,1,0,1
,Iraq,2/24/2020,1,0,0
From Diamond Princess,Israel,2/22/2020,1,0,0
,Kuwait,2/24/2020,1,0,0
,Lebanon,2/22/2020,1,0,0
Tibet,Mainland China,2/12/2020,1,0,1
,Nepal,2/12/2020,1,0,1
,Sri Lanka,2/8/2020,1,0,1
,Sweden,2/1/2020,1,0,0
"Boston, MA",US,2/1/2020,1,0,0
"Humboldt County, CA",US,2/21/2020,1,0,0
"Los Angeles, CA",US,2/1/2020,1,0,0
"Madison, WI",US,2/5/2020,1,0,0
"Orange, CA",US,2/1/2020,1,0,0
"Sacramento County, CA",US,2/21/2020,1,0,0
"San Antonio, TX",US,2/13/2020,1,0,0
"Seattle, WA",US,2/9/2020,1,0,1
"Tempe, AZ",US,2/1/2020,1,0,0
"Lackland, TX (From Diamond Princess)",US,2/24/2020,0,0,0
"Omaha, NE (From Diamond Princess)",US,2/24/2020,0,0,0
"Travis, CA (From Diamond Princess)",US,2/24/2020,0,0,0
Hubei,Mainland China,2/25/2020,64786,2563,18971
Guangdong,Mainland China,2/25/2020,1347,7,822
Henan,Mainland China,2/25/2020,1271,19,1002
Zhejiang,Mainland China,2/25/2020,1205,1,808
Hunan,Mainland China,2/25/2020,1016,4,768
Anhui,Mainland China,2/25/2020,989,6,712
,South Korea,2/25/2020,977,10,22
Jiangxi,Mainland China,2/25/2020,934,1,683
Shandong,Mainland China,2/25/2020,756,6,355
Diamond Princess cruise ship,Others,2/23/2020,691,3,0
Jiangsu,Mainland China,2/25/2020,631,0,458
Chongqing,Mainland China,2/25/2020,576,6,372
Sichuan,Mainland China,2/25/2020,529,3,289
Heilongjiang,Mainland China,2/25/2020,480,12,243
Beijing,Mainland China,2/25/2020,400,4,215
Shanghai,Mainland China,2/25/2020,336,3,268
,Italy,2/25/2020,322,10,1
Hebei,Mainland China,2/25/2020,311,6,248
Fujian,Mainland China,2/25/2020,294,1,199
Guangxi,Mainland China,2/25/2020,252,2,134
Shaanxi,Mainland China,2/25/2020,245,1,186
Yunnan,Mainland China,2/25/2020,174,2,129
,Japan,2/25/2020,170,1,22
Hainan,Mainland China,2/25/2020,168,5,124
Guizhou,Mainland China,2/25/2020,146,2,104
Tianjin,Mainland China,2/25/2020,135,3,91
Shanxi,Mainland China,2/25/2020,133,0,98
Liaoning,Mainland China,2/25/2020,121,1,83
,Iran,2/25/2020,95,16,0
Jilin,Mainland China,2/25/2020,93,1,63
Gansu,Mainland China,2/24/2020,91,2,80
,Singapore,2/25/2020,91,0,53
Hong Kong,Hong Kong,2/25/2020,84,2,19
Xinjiang,Mainland China,2/24/2020,76,2,30
Inner Mongolia,Mainland China,2/25/2020,75,0,35
Ningxia,Mainland China,2/25/2020,71,0,61
,Thailand,2/25/2020,37,0,22
Unassigned Location (From Diamond Princess),US,2/25/2020,36,0,0
Taiwan,Taiwan,2/25/2020,31,1,5
,Bahrain,2/25/2020,23,0,0
,Malaysia,2/24/2020,22,0,18
Qinghai,Mainland China,2/21/2020,18,0,18
,Germany,2/25/2020,17,0,14
,Vietnam,2/25/2020,16,0,16
,France,2/25/2020,14,1,11
,UK,2/24/2020,13,0,8
,United Arab Emirates,2/22/2020,13,0,4
,Kuwait,2/25/2020,11,0,0
Macau,Macau,2/25/2020,10,0,7
From Diamond Princess,Australia,2/22/2020,7,0,0
British Columbia,Canada,2/25/2020,7,0,0
,Spain,2/25/2020,6,0,2
Queensland,Australia,2/21/2020,5,0,1
New South Wales,Australia,2/13/2020,4,0,4
Victoria,Australia,2/13/2020,4,0,4
"Toronto, ON",Canada,2/24/2020,3,0,2
,India,2/16/2020,3,0,3
,Philippines,2/12/2020,3,1,1
South Australia,Australia,2/17/2020,2,0,2
None,Austria,2/25/2020,2,0,0
,Oman,2/25/2020,2,0,0
,Russia,2/12/2020,2,0,2
"Chicago, IL",US,2/9/2020,2,0,2
"San Benito, CA",US,2/3/2020,2,0,0
"San Diego County, CA",US,2/21/2020,2,0,1
"Santa Clara, CA",US,2/21/2020,2,0,1
,Afghanistan,2/24/2020,1,0,0
,Algeria,2/25/2020,1,0,0
,Belgium,2/17/2020,1,0,1
,Cambodia,2/12/2020,1,0,1
"London, ON",Canada,2/12/2020,1,0,1
,Croatia,2/25/2020,1,0,0
,Egypt,2/21/2020,1,0,0
,Finland,2/12/2020,1,0,1
,Iraq,2/24/2020,1,0,0
From Diamond Princess,Israel,2/22/2020,1,0,0
,Lebanon,2/22/2020,1,0,0
Tibet,Mainland China,2/12/2020,1,0,1
,Nepal,2/12/2020,1,0,1
,Sri Lanka,2/8/2020,1,0,1
,Sweden,2/1/2020,1,0,0
,Switzerland,2/25/2020,1,0,0
"Boston, MA",US,2/1/2020,1,0,0
"Humboldt County, CA",US,2/21/2020,1,0,0
"Los Angeles, CA",US,2/1/2020,1,0,0
"Madison, WI",US,2/5/2020,1,0,0
"Orange, CA",US,2/1/2020,1,0,0
"Sacramento County, CA",US,2/21/2020,1,0,0
"San Antonio, TX",US,2/13/2020,1,0,0
"Seattle, WA",US,2/9/2020,1,0,1
"Tempe, AZ",US,2/25/2020,1,0,1
"Lackland, TX (From Diamond Princess)",US,2/24/2020,0,0,0
"Omaha, NE (From Diamond Princess)",US,2/24/2020,0,0,0
"Travis, CA (From Diamond Princess)",US,2/24/2020,0,0,0
Hubei,Mainland China,2/26/2020,65187,2615,20969
Guangdong,Mainland China,2/26/2020,1347,7,851
Henan,Mainland China,2/26/2020,1271,19,1033
,South Korea,2/26/2020,1261,12,22
Zhejiang,Mainland China,2/26/2020,1205,1,867
Hunan,Mainland China,2/26/2020,1016,4,783
Anhui,Mainland China,2/26/2020,989,6,744
Jiangxi,Mainland China,2/26/2020,934,1,719
Shandong,Mainland China,2/26/2020,756,6,377
Diamond Princess cruise ship,Others,2/26/2020,705,4,10
Jiangsu,Mainland China,2/26/2020,631,0,478
Chongqing,Mainland China,2/26/2020,576,6,384
Sichuan,Mainland China,2/26/2020,531,3,307
Heilongjiang,Mainland China,2/26/2020,480,12,249
,Italy,2/26/2020,453,12,3
Beijing,Mainland China,2/26/2020,400,4,235
Shanghai,Mainland China,2/26/2020,337,3,272
Hebei,Mainland China,2/26/2020,312,6,261
Fujian,Mainland China,2/26/2020,294,1,218
Guangxi,Mainland China,2/26/2020,252,2,147
Shaanxi,Mainland China,2/26/2020,245,1,192
,Japan,2/26/2020,189,2,22
Yunnan,Mainland China,2/26/2020,174,2,144
Hainan,Mainland China,2/26/2020,168,5,129
Guizhou,Mainland China,2/25/2020,146,2,104
,Iran,2/26/2020,139,19,49
Tianjin,Mainland China,2/26/2020,135,3,96
Shanxi,Mainland China,2/26/2020,133,0,104
Liaoning,Mainland China,2/26/2020,121,1,88
Jilin,Mainland China,2/26/2020,93,1,65
,Singapore,2/26/2020,93,0,62
Hong Kong,Hong Kong,2/26/2020,91,2,24
Gansu,Mainland China,2/26/2020,91,2,81
Xinjiang,Mainland China,2/26/2020,76,2,34
Inner Mongolia,Mainland China,2/26/2020,75,0,38
Ningxia,Mainland China,2/26/2020,71,0,65
Unassigned Location (From Diamond Princess),US,2/26/2020,42,0,0
,Thailand,2/26/2020,40,0,22
,Bahrain,2/26/2020,33,0,0
Taiwan,Taiwan,2/26/2020,32,1,5
,Germany,2/26/2020,27,0,15
,Kuwait,2/26/2020,26,0,0
,Malaysia,2/24/2020,22,0,18
,France,2/26/2020,18,2,11
Qinghai,Mainland China,2/21/2020,18,0,18
,Vietnam,2/25/2020,16,0,16
,Spain,2/26/2020,13,0,2
,UK,2/24/2020,13,0,8
,United Arab Emirates,2/22/2020,13,0,4
Macau,Macau,2/25/2020,10,0,7
From Diamond Princess,Australia,2/22/2020,7,0,0
British Columbia,Canada,2/25/2020,7,0,0
Queensland,Australia,2/21/2020,5,0,1
,Iraq,2/26/2020,5,0,0
New South Wales,Australia,2/13/2020,4,0,4
Victoria,Australia,2/13/2020,4,0,4
,Oman,2/26/2020,4,0,0
"Toronto, ON",Canada,2/24/2020,3,0,2
,Croatia,2/26/2020,3,0,0
,India,2/16/2020,3,0,3
,Philippines,2/12/2020,3,1,1
South Australia,Australia,2/17/2020,2,0,2
,Austria,2/26/2020,2,0,0
,Finland,2/26/2020,2,0,1
,Israel,2/26/2020,2,0,0
,Lebanon,2/26/2020,2,0,0
,Pakistan,2/26/2020,2,0,0
,Russia,2/12/2020,2,0,2
,Sweden,2/26/2020,2,0,0
"Chicago, IL",US,2/9/2020,2,0,2
"San Benito, CA",US,2/3/2020,2,0,0
"San Diego County, CA",US,2/21/2020,2,0,1
"Santa Clara, CA",US,2/21/2020,2,0,1
,Afghanistan,2/24/2020,1,0,0
,Algeria,2/25/2020,1,0,0
,Belgium,2/17/2020,1,0,1
,Brazil,2/26/2020,1,0,0
,Cambodia,2/12/2020,1,0,1
"London, ON",Canada,2/12/2020,1,0,1
,Egypt,2/21/2020,1,0,0
,Georgia,2/26/2020,1,0,0
,Greece,2/26/2020,1,0,0
Tibet,Mainland China,2/12/2020,1,0,1
,Nepal,2/12/2020,1,0,1
,North Macedonia,2/26/2020,1,0,0
,Norway,2/26/2020,1,0,0
,Romania,2/26/2020,1,0,0
,Sri Lanka,2/8/2020,1,0,1
,Switzerland,2/25/2020,1,0,0
"Boston, MA",US,2/1/2020,1,0,0
"Humboldt County, CA",US,2/21/2020,1,0,0
"Los Angeles, CA",US,2/1/2020,1,0,0
"Madison, WI",US,2/5/2020,1,0,0
"Orange, CA",US,2/1/2020,1,0,0
"Sacramento County, CA",US,2/21/2020,1,0,0
"San Antonio, TX",US,2/13/2020,1,0,0
"Seattle, WA",US,2/9/2020,1,0,1
"Tempe, AZ",US,2/25/2020,1,0,1
"Lackland, TX (From Diamond Princess)",US,2/24/2020,0,0,0
"Omaha, NE (From Diamond Princess)",US,2/24/2020,0,0,0
"Travis, CA (From Diamond Princess)",US,2/24/2020,0,0,0
